image_path,class_label,attributes,caption,split,instance_id
images/team21_mouse_1.jpeg,electronics_mouse,color:black;material:plastic;pattern:unknown,A black mouse object.,train,team21_razer_gaming_mouse_black_plastic_plain
images/team21_mouse_2.jpeg,electronics_mouse,color:black;material:plastic;pattern:unknown,A black mouse object.,train,team21_razer_gaming_mouse_black_plastic_plain
images/team21_mouse_3.jpeg,electronics_mouse,color:black;material:plastic;pattern:unknown,A black mouse object.,train,team21_razer_gaming_mouse_black_plastic_plain
images/team21_mouse_4.jpeg,electronics_mouse,color:black;material:plastic;pattern:unknown,A black mouse object.,train,team21_razer_gaming_mouse_black_plastic_plain
images/team21_mouse_5.jpeg,electronics_mouse,color:black;material:plastic;pattern:unknown,A black mouse object.,train,team21_razer_gaming_mouse_black_plastic_plain
images/team21_mouse_6.jpeg,electronics_mouse,color:white;material:plastic;pattern:unknown,A white mouse object.,train,team21_logitech_wireless_white_plastic_plain
images/team21_mouse_7.jpeg,electronics_mouse,color:white;material:plastic;pattern:unknown,A white mouse object.,train,team21_logitech_wireless_white_plastic_plain
images/team21_mouse_8.jpeg,electronics_mouse,color:white;material:plastic;pattern:unknown,A white mouse object.,train,team21_logitech_wireless_white_plastic_plain
images/team21_mouse_9.jpeg,electronics_mouse,color:white;material:plastic;pattern:unknown,A white mouse object.,train,team21_logitech_wireless_white_plastic_plain
images/team21_mouse_10.jpeg,electronics_mouse,color:white;material:plastic;pattern:unknown,A white mouse object.,train,team21_logitech_wireless_white_plastic_plain
images/team21_mouse_11.jpeg,electronics_mouse,color:black;material:glass;pattern:unknown,A black mouse object.,train,team21_magic_mouse_black_glass_plain
images/team21_mouse_12.jpeg,electronics_mouse,color:black;material:glass;pattern:unknown,A black mouse object.,train,team21_magic_mouse_black_glass_plain
images/team21_mouse_13.jpeg,electronics_mouse,color:black;material:glass;pattern:unknown,A black mouse object.,train,team21_magic_mouse_black_glass_plain
images/team21_mouse_14.jpeg,electronics_mouse,color:black;material:glass;pattern:unknown,A black mouse object.,train,team21_magic_mouse_black_glass_plain
images/team21_mouse_15.jpeg,electronics_mouse,color:black;material:glass;pattern:unknown,A black mouse object.,train,team21_magic_mouse_black_glass_plain
images/team21_mouse_16.jpeg,electronics_mouse,color:black;material:plastic;pattern:unknown,A black mouse object.,train,team21_wireless_mouse_black_plastic_plain
images/team21_mouse_17.jpeg,electronics_mouse,color:black;material:plastic;pattern:unknown,A black mouse object.,train,team21_wireless_mouse_black_plastic_plain
images/team21_mouse_18.jpeg,electronics_mouse,color:black;material:plastic;pattern:unknown,A black mouse object.,train,team21_wireless_mouse_black_plastic_plain
images/team21_mouse_19.jpeg,electronics_mouse,color:black;material:plastic;pattern:unknown,A black mouse object.,train,team21_wireless_mouse_black_plastic_plain
images/team21_mouse_20.jpeg,electronics_mouse,color:black;material:plastic;pattern:unknown,A black mouse object.,train,team21_wireless_mouse_black_plastic_plain
images/team21_mouse_21.jpeg,electronics_mouse,color:white;material:plastic;pattern:textured,A white mouse object.,train,team21_wireless_ergonomic_white_plastic_textured
images/team21_mouse_22.jpeg,electronics_mouse,color:white;material:plastic;pattern:textured,A white mouse object.,train,team21_wireless_ergonomic_white_plastic_textured
images/team21_mouse_23.jpeg,electronics_mouse,color:white;material:plastic;pattern:textured,A white mouse object.,train,team21_wireless_ergonomic_white_plastic_textured
images/team21_mouse_24.jpeg,electronics_mouse,color:white;material:plastic;pattern:textured,A white mouse object.,train,team21_wireless_ergonomic_white_plastic_textured
images/team21_mouse_25.jpeg,electronics_mouse,color:white;material:plastic;pattern:textured,A white mouse object.,train,team21_wireless_ergonomic_white_plastic_textured
images/team21_mouse_26.jpeg,electronics_mouse,color:black;material:plastic;pattern:unknown,A black mouse object.,train,team21_logitech_wireless_black_plastic_plain
images/team21_mouse_27.jpeg,electronics_mouse,color:black;material:plastic;pattern:unknown,A black mouse object.,train,team21_logitech_wireless_black_plastic_plain
images/team21_mouse_28.jpeg,electronics_mouse,color:black;material:plastic;pattern:unknown,A black mouse object.,train,team21_logitech_wireless_black_plastic_plain
images/team21_mouse_29.jpeg,electronics_mouse,color:black;material:plastic;pattern:unknown,A black mouse object.,train,team21_logitech_wireless_black_plastic_plain
images/team21_mouse_30.jpeg,electronics_mouse,color:black;material:plastic;pattern:unknown,A black mouse object.,train,team21_logitech_wireless_black_plastic_plain
images/team21_mouse_31.jpeg,electronics_mouse,color:white;material:plastic;pattern:unknown,A white mouse object.,train,team21_wireless_mouse_white_plastic_plain
images/team21_mouse_32.jpeg,electronics_mouse,color:white;material:plastic;pattern:unknown,A white mouse object.,train,team21_wireless_mouse_white_plastic_plain
images/team21_mouse_33.jpeg,electronics_mouse,color:white;material:plastic;pattern:unknown,A white mouse object.,train,team21_wireless_mouse_white_plastic_plain
images/team21_mouse_34.jpeg,electronics_mouse,color:white;material:plastic;pattern:unknown,A white mouse object.,train,team21_wireless_mouse_white_plastic_plain
images/team21_mouse_35.jpeg,electronics_mouse,color:white;material:plastic;pattern:unknown,A white mouse object.,train,team21_wireless_mouse_white_plastic_plain
images/team21_mouse_36.jpeg,electronics_mouse,color:black;material:plastic;pattern:textured,A black mouse object.,train,team21_wireless_ergonomic_black_plastic_textured
images/team21_mouse_37.jpeg,electronics_mouse,color:black;material:plastic;pattern:textured,A black mouse object.,train,team21_wireless_ergonomic_black_plastic_textured
images/team21_mouse_38.jpeg,electronics_mouse,color:black;material:plastic;pattern:textured,A black mouse object.,train,team21_wireless_ergonomic_black_plastic_textured
images/team21_mouse_39.jpeg,electronics_mouse,color:black;material:plastic;pattern:textured,A black mouse object.,train,team21_wireless_ergonomic_black_plastic_textured
images/team21_mouse_40.jpeg,electronics_mouse,color:black;material:plastic;pattern:textured,A black mouse object.,train,team21_wireless_ergonomic_black_plastic_textured
images/team21_mouse_41.jpeg,electronics_mouse,color:black;material:plastic;pattern:unknown,A black mouse object.,train,team21_logitech_gaming_mouse_black_plastic_wired_plain_braidedcable
images/team21_mouse_42.jpeg,electronics_mouse,color:black;material:plastic;pattern:unknown,A black mouse object.,train,team21_logitech_gaming_mouse_black_plastic_wired_plain_braidedcable
images/team21_mouse_43.jpeg,electronics_mouse,color:black;material:plastic;pattern:unknown,A black mouse object.,train,team21_logitech_gaming_mouse_black_plastic_wired_plain_braidedcable
images/team21_mouse_44.jpeg,electronics_mouse,color:black;material:plastic;pattern:unknown,A black mouse object.,train,team21_logitech_gaming_mouse_black_plastic_wired_plain_braidedcable
images/team21_mouse_45.jpeg,electronics_mouse,color:black;material:plastic;pattern:unknown,A black mouse object.,train,team21_logitech_gaming_mouse_black_plastic_wired_plain_braidedcable
images/team21_mouse_46.jpeg,electronics_mouse,color:black;material:plastic;pattern:unknown,A black mouse object.,val,team21_hp_office_mouse_black_plastic_wired_plain
images/team21_mouse_47.jpeg,electronics_mouse,color:black;material:plastic;pattern:unknown,A black mouse object.,val,team21_hp_office_mouse_black_plastic_wired_plain
images/team21_mouse_48.jpeg,electronics_mouse,color:black;material:plastic;pattern:unknown,A black mouse object.,val,team21_hp_office_mouse_black_plastic_wired_plain
images/team21_mouse_49.jpeg,electronics_mouse,color:black;material:plastic;pattern:unknown,A black mouse object.,val,team21_hp_office_mouse_black_plastic_wired_plain
images/team21_mouse_50.jpeg,electronics_mouse,color:black;material:plastic;pattern:unknown,A black mouse object.,val,team21_hp_office_mouse_black_plastic_wired_plain
images/team21_mouse_51.jpeg,electronics_mouse,color:white;material:glass;pattern:unknown,A white mouse object.,val,team21_magic_mouse_white_glass_plain
images/team21_mouse_52.jpeg,electronics_mouse,color:white;material:glass;pattern:unknown,A white mouse object.,val,team21_magic_mouse_white_glass_plain
images/team21_mouse_53.jpeg,electronics_mouse,color:white;material:glass;pattern:unknown,A white mouse object.,val,team21_magic_mouse_white_glass_plain
images/team21_mouse_54.jpeg,electronics_mouse,color:white;material:glass;pattern:unknown,A white mouse object.,val,team21_magic_mouse_white_glass_plain
images/team21_mouse_55.jpeg,electronics_mouse,color:white;material:glass;pattern:unknown,A white mouse object.,val,team21_magic_mouse_white_glass_plain
images/team21_mouse_56.jpeg,electronics_mouse,color:black;material:plastic;pattern:unknown,A black mouse object.,val,team21_dell_officemouse_plastic_wired_plain_black
images/team21_mouse_57.jpeg,electronics_mouse,color:black;material:plastic;pattern:unknown,A black mouse object.,val,team21_dell_officemouse_plastic_wired_plain_black
images/team21_mouse_58.jpeg,electronics_mouse,color:black;material:plastic;pattern:unknown,A black mouse object.,val,team21_dell_officemouse_plastic_wired_plain_black
images/team21_mouse_59.jpeg,electronics_mouse,color:black;material:plastic;pattern:unknown,A black mouse object.,val,team21_dell_officemouse_plastic_wired_plain_black
images/team21_mouse_60.jpeg,electronics_mouse,color:black;material:plastic;pattern:unknown,A black mouse object.,val,team21_dell_officemouse_plastic_wired_plain_black
images/team21_notebooks_1.jpeg,stationery_notebook,color:unknown;material:unknown;pattern:textured,A unknown notebooks object.,train,team21_notebook_12_multicolor_paper_textured
images/team21_notebooks_2.jpeg,stationery_notebook,color:unknown;material:unknown;pattern:textured,A unknown notebooks object.,train,team21_notebook_12_multicolor_paper_textured
images/team21_notebooks_3.jpeg,stationery_notebook,color:unknown;material:unknown;pattern:textured,A unknown notebooks object.,train,team21_notebook_12_multicolor_paper_textured
images/team21_notebooks_4.jpeg,stationery_notebook,color:unknown;material:unknown;pattern:textured,A unknown notebooks object.,train,team21_notebook_12_multicolor_paper_textured
images/team21_notebooks_5.jpeg,stationery_notebook,color:unknown;material:unknown;pattern:textured,A unknown notebooks object.,train,team21_notebook_12_multicolor_paper_textured
images/team21_notebooks_6.jpeg,stationery_notebook,color:black;material:unknown;pattern:textured,A black notebooks object.,train,team21_notebook_3_black_paper_textured
images/team21_notebooks_7.jpeg,stationery_notebook,color:black;material:unknown;pattern:textured,A black notebooks object.,train,team21_notebook_3_black_paper_textured
images/team21_notebooks_8.jpeg,stationery_notebook,color:black;material:unknown;pattern:textured,A black notebooks object.,train,team21_notebook_3_black_paper_textured
images/team21_notebooks_9.jpeg,stationery_notebook,color:black;material:unknown;pattern:textured,A black notebooks object.,train,team21_notebook_3_black_paper_textured
images/team21_notebooks_10.jpeg,stationery_notebook,color:black;material:unknown;pattern:textured,A black notebooks object.,train,team21_notebook_3_black_paper_textured
images/team21_notebooks_11.jpeg,stationery_notebook,color:black;material:unknown;pattern:unknown,A black notebooks object.,train,team21_notebook_8_black_softcover_plain
images/team21_notebooks_12.jpeg,stationery_notebook,color:black;material:unknown;pattern:unknown,A black notebooks object.,train,team21_notebook_8_black_softcover_plain
images/team21_notebooks_13.jpeg,stationery_notebook,color:black;material:unknown;pattern:unknown,A black notebooks object.,train,team21_notebook_8_black_softcover_plain
images/team21_notebooks_14.jpeg,stationery_notebook,color:black;material:unknown;pattern:unknown,A black notebooks object.,train,team21_notebook_8_black_softcover_plain
images/team21_notebooks_15.jpeg,stationery_notebook,color:black;material:unknown;pattern:unknown,A black notebooks object.,train,team21_notebook_8_black_softcover_plain
images/team21_notebooks_16.jpeg,stationery_notebook,color:brown;material:unknown;pattern:textured,A brown notebooks object.,train,team21_notebook_9_brown_paper_textured
images/team21_notebooks_17.jpeg,stationery_notebook,color:brown;material:unknown;pattern:textured,A brown notebooks object.,train,team21_notebook_9_brown_paper_textured
images/team21_notebooks_18.jpeg,stationery_notebook,color:brown;material:unknown;pattern:textured,A brown notebooks object.,train,team21_notebook_9_brown_paper_textured
images/team21_notebooks_19.jpeg,stationery_notebook,color:brown;material:unknown;pattern:textured,A brown notebooks object.,train,team21_notebook_9_brown_paper_textured
images/team21_notebooks_20.jpeg,stationery_notebook,color:brown;material:unknown;pattern:textured,A brown notebooks object.,train,team21_notebook_9_brown_paper_textured
images/team21_notebooks_21.jpeg,stationery_notebook,color:unknown;material:unknown;pattern:unknown,A unknown notebooks object.,train,team21_notebook_4_teal_hardcover_plain
images/team21_notebooks_22.jpeg,stationery_notebook,color:unknown;material:unknown;pattern:unknown,A unknown notebooks object.,train,team21_notebook_4_teal_hardcover_plain
images/team21_notebooks_23.jpeg,stationery_notebook,color:unknown;material:unknown;pattern:unknown,A unknown notebooks object.,train,team21_notebook_4_teal_hardcover_plain
images/team21_notebooks_24.jpeg,stationery_notebook,color:unknown;material:unknown;pattern:unknown,A unknown notebooks object.,train,team21_notebook_4_teal_hardcover_plain
images/team21_notebooks_25.jpeg,stationery_notebook,color:unknown;material:unknown;pattern:unknown,A unknown notebooks object.,train,team21_notebook_4_teal_hardcover_plain
images/team21_notebooks_26.jpeg,stationery_notebook,color:white;material:unknown;pattern:unknown,A white notebooks object.,train,team21_notebook_7_white_paper_plain
images/team21_notebooks_27.jpeg,stationery_notebook,color:white;material:unknown;pattern:unknown,A white notebooks object.,train,team21_notebook_7_white_paper_plain
images/team21_notebooks_28.jpeg,stationery_notebook,color:white;material:unknown;pattern:unknown,A white notebooks object.,train,team21_notebook_7_white_paper_plain
images/team21_notebooks_29.jpeg,stationery_notebook,color:white;material:unknown;pattern:unknown,A white notebooks object.,train,team21_notebook_7_white_paper_plain
images/team21_notebooks_30.jpeg,stationery_notebook,color:white;material:unknown;pattern:unknown,A white notebooks object.,train,team21_notebook_7_white_paper_plain
images/team21_notebooks_31.jpeg,stationery_notebook,color:brown;material:leather;pattern:unknown,A brown notebooks object.,train,team21_notebook_5_brown_leather_plain
images/team21_notebooks_32.jpeg,stationery_notebook,color:brown;material:leather;pattern:unknown,A brown notebooks object.,train,team21_notebook_5_brown_leather_plain
images/team21_notebooks_33.jpeg,stationery_notebook,color:brown;material:leather;pattern:unknown,A brown notebooks object.,train,team21_notebook_5_brown_leather_plain
images/team21_notebooks_34.jpeg,stationery_notebook,color:brown;material:leather;pattern:unknown,A brown notebooks object.,train,team21_notebook_5_brown_leather_plain
images/team21_notebooks_35.jpeg,stationery_notebook,color:brown;material:leather;pattern:unknown,A brown notebooks object.,train,team21_notebook_5_brown_leather_plain
images/team21_notebooks_36.jpeg,stationery_notebook,color:unknown;material:plastic;pattern:textured,A unknown notebooks object.,train,team21_notebook_6_pink_plastic_textured
images/team21_notebooks_37.jpeg,stationery_notebook,color:unknown;material:plastic;pattern:textured,A unknown notebooks object.,train,team21_notebook_6_pink_plastic_textured
images/team21_notebooks_38.jpeg,stationery_notebook,color:unknown;material:plastic;pattern:textured,A unknown notebooks object.,train,team21_notebook_6_pink_plastic_textured
images/team21_notebooks_39.jpeg,stationery_notebook,color:unknown;material:plastic;pattern:textured,A unknown notebooks object.,train,team21_notebook_6_pink_plastic_textured
images/team21_notebooks_40.jpeg,stationery_notebook,color:unknown;material:plastic;pattern:textured,A unknown notebooks object.,train,team21_notebook_6_pink_plastic_textured
images/team21_notebooks_41.jpeg,stationery_notebook,color:unknown;material:unknown;pattern:unknown,A unknown notebooks object.,train,team21_notebook_1_pink_softcover_plain
images/team21_notebooks_42.jpeg,stationery_notebook,color:unknown;material:unknown;pattern:unknown,A unknown notebooks object.,train,team21_notebook_1_pink_softcover_plain
images/team21_notebooks_43.jpeg,stationery_notebook,color:unknown;material:unknown;pattern:unknown,A unknown notebooks object.,train,team21_notebook_1_pink_softcover_plain
images/team21_notebooks_44.jpeg,stationery_notebook,color:unknown;material:unknown;pattern:unknown,A unknown notebooks object.,train,team21_notebook_1_pink_softcover_plain
images/team21_notebooks_45.jpeg,stationery_notebook,color:unknown;material:unknown;pattern:unknown,A unknown notebooks object.,train,team21_notebook_1_pink_softcover_plain
images/team21_notebooks_46.jpeg,stationery_notebook,color:brown;material:unknown;pattern:unknown,A brown notebooks object.,val,team21_notebook_2_brown_paper_plain
images/team21_notebooks_47.jpeg,stationery_notebook,color:brown;material:unknown;pattern:unknown,A brown notebooks object.,val,team21_notebook_2_brown_paper_plain
images/team21_notebooks_48.jpeg,stationery_notebook,color:brown;material:unknown;pattern:unknown,A brown notebooks object.,val,team21_notebook_2_brown_paper_plain
images/team21_notebooks_49.jpeg,stationery_notebook,color:brown;material:unknown;pattern:unknown,A brown notebooks object.,val,team21_notebook_2_brown_paper_plain
images/team21_notebooks_50.jpeg,stationery_notebook,color:brown;material:unknown;pattern:unknown,A brown notebooks object.,val,team21_notebook_2_brown_paper_plain
images/team21_notebooks_51.jpeg,stationery_notebook,color:black;material:unknown;pattern:unknown,A black notebooks object.,val,team21_notebook_10_black_paper_plain
images/team21_notebooks_52.jpeg,stationery_notebook,color:black;material:unknown;pattern:unknown,A black notebooks object.,val,team21_notebook_10_black_paper_plain
images/team21_notebooks_53.jpeg,stationery_notebook,color:black;material:unknown;pattern:unknown,A black notebooks object.,val,team21_notebook_10_black_paper_plain
images/team21_notebooks_54.jpeg,stationery_notebook,color:black;material:unknown;pattern:unknown,A black notebooks object.,val,team21_notebook_10_black_paper_plain
images/team21_notebooks_55.jpeg,stationery_notebook,color:black;material:unknown;pattern:unknown,A black notebooks object.,val,team21_notebook_10_black_paper_plain
images/team21_notebooks_56.jpeg,stationery_notebook,color:red;material:unknown;pattern:textured,A red notebooks object.,val,team21_notebook_11_red_canvas_textured
images/team21_notebooks_57.jpeg,stationery_notebook,color:red;material:unknown;pattern:textured,A red notebooks object.,val,team21_notebook_11_red_canvas_textured
images/team21_notebooks_58.jpeg,stationery_notebook,color:red;material:unknown;pattern:textured,A red notebooks object.,val,team21_notebook_11_red_canvas_textured
images/team21_notebooks_59.jpeg,stationery_notebook,color:red;material:unknown;pattern:textured,A red notebooks object.,val,team21_notebook_11_red_canvas_textured
images/team21_notebooks_60.jpeg,stationery_notebook,color:red;material:unknown;pattern:textured,A red notebooks object.,val,team21_notebook_11_red_canvas_textured
images/team21_waterbottle_1.jpeg,tableware_waterbottle,color:black;material:unknown;pattern:unknown,A black waterbottle object.,train,team21_Bottle_9_Black_Steel_Plain
images/team21_waterbottle_2.jpeg,tableware_waterbottle,color:black;material:unknown;pattern:unknown,A black waterbottle object.,train,team21_Bottle_9_Black_Steel_Plain
images/team21_waterbottle_3.jpeg,tableware_waterbottle,color:black;material:unknown;pattern:unknown,A black waterbottle object.,train,team21_Bottle_9_Black_Steel_Plain
images/team21_waterbottle_4.jpeg,tableware_waterbottle,color:black;material:unknown;pattern:unknown,A black waterbottle object.,train,team21_Bottle_9_Black_Steel_Plain
images/team21_waterbottle_5.jpeg,tableware_waterbottle,color:black;material:unknown;pattern:unknown,A black waterbottle object.,train,team21_Bottle_9_Black_Steel_Plain
images/team21_waterbottle_6.jpeg,tableware_waterbottle,color:black;material:plastic;pattern:unknown,A black waterbottle object.,train,team21_Bottle_8_Black_Plastic_Plain
images/team21_waterbottle_7.jpeg,tableware_waterbottle,color:black;material:plastic;pattern:unknown,A black waterbottle object.,train,team21_Bottle_8_Black_Plastic_Plain
images/team21_waterbottle_8.jpeg,tableware_waterbottle,color:black;material:plastic;pattern:unknown,A black waterbottle object.,train,team21_Bottle_8_Black_Plastic_Plain
images/team21_waterbottle_9.jpeg,tableware_waterbottle,color:black;material:plastic;pattern:unknown,A black waterbottle object.,train,team21_Bottle_8_Black_Plastic_Plain
images/team21_waterbottle_10.jpeg,tableware_waterbottle,color:black;material:plastic;pattern:unknown,A black waterbottle object.,train,team21_Bottle_8_Black_Plastic_Plain
images/team21_waterbottle_11.jpeg,tableware_waterbottle,color:blue;material:plastic;pattern:unknown,A blue waterbottle object.,train,team21_Bottle_6_Blue_Plastic_Plain
images/team21_waterbottle_12.jpeg,tableware_waterbottle,color:blue;material:plastic;pattern:unknown,A blue waterbottle object.,train,team21_Bottle_6_Blue_Plastic_Plain
images/team21_waterbottle_13.jpeg,tableware_waterbottle,color:blue;material:plastic;pattern:unknown,A blue waterbottle object.,train,team21_Bottle_6_Blue_Plastic_Plain
images/team21_waterbottle_14.jpeg,tableware_waterbottle,color:blue;material:plastic;pattern:unknown,A blue waterbottle object.,train,team21_Bottle_6_Blue_Plastic_Plain
images/team21_waterbottle_15.jpeg,tableware_waterbottle,color:blue;material:plastic;pattern:unknown,A blue waterbottle object.,train,team21_Bottle_6_Blue_Plastic_Plain
images/team21_waterbottle_16.jpeg,tableware_waterbottle,color:black;material:unknown;pattern:unknown,A black waterbottle object.,train,team21_Bottle_4_Black_Steel_Plain
images/team21_waterbottle_17.jpeg,tableware_waterbottle,color:black;material:unknown;pattern:unknown,A black waterbottle object.,train,team21_Bottle_4_Black_Steel_Plain
images/team21_waterbottle_18.jpeg,tableware_waterbottle,color:black;material:unknown;pattern:unknown,A black waterbottle object.,train,team21_Bottle_4_Black_Steel_Plain
images/team21_waterbottle_19.jpeg,tableware_waterbottle,color:black;material:unknown;pattern:unknown,A black waterbottle object.,train,team21_Bottle_4_Black_Steel_Plain
images/team21_waterbottle_20.jpeg,tableware_waterbottle,color:black;material:unknown;pattern:unknown,A black waterbottle object.,train,team21_Bottle_4_Black_Steel_Plain
images/team21_waterbottle_21.jpeg,tableware_waterbottle,color:grey;material:unknown;pattern:unknown,A grey waterbottle object.,train,team21_Bottle_7_Grey_Steel_Plain
images/team21_waterbottle_22.jpeg,tableware_waterbottle,color:grey;material:unknown;pattern:unknown,A grey waterbottle object.,train,team21_Bottle_7_Grey_Steel_Plain
images/team21_waterbottle_23.jpeg,tableware_waterbottle,color:grey;material:unknown;pattern:unknown,A grey waterbottle object.,train,team21_Bottle_7_Grey_Steel_Plain
images/team21_waterbottle_24.jpeg,tableware_waterbottle,color:grey;material:unknown;pattern:unknown,A grey waterbottle object.,train,team21_Bottle_7_Grey_Steel_Plain
images/team21_waterbottle_25.jpeg,tableware_waterbottle,color:grey;material:unknown;pattern:unknown,A grey waterbottle object.,train,team21_Bottle_7_Grey_Steel_Plain
images/team21_waterbottle_26.jpeg,tableware_waterbottle,color:unknown;material:unknown;pattern:unknown,A unknown waterbottle object.,train,team21_Bottle_3_UNKNOWN_Steel_Textured
images/team21_waterbottle_27.jpeg,tableware_waterbottle,color:unknown;material:unknown;pattern:unknown,A unknown waterbottle object.,train,team21_Bottle_3_UNKNOWN_Steel_Textured
images/team21_waterbottle_28.jpeg,tableware_waterbottle,color:unknown;material:unknown;pattern:unknown,A unknown waterbottle object.,train,team21_Bottle_3_UNKNOWN_Steel_Textured
images/team21_waterbottle_29.jpeg,tableware_waterbottle,color:unknown;material:unknown;pattern:unknown,A unknown waterbottle object.,train,team21_Bottle_3_UNKNOWN_Steel_Textured
images/team21_waterbottle_30.jpeg,tableware_waterbottle,color:unknown;material:unknown;pattern:unknown,A unknown waterbottle object.,train,team21_Bottle_3_UNKNOWN_Steel_Textured
images/team21_waterbottle_31.jpeg,tableware_waterbottle,color:red;material:plastic;pattern:unknown,A red waterbottle object.,train,team21_Bottle_5_Red_Plastic_Plain
images/team21_waterbottle_32.jpeg,tableware_waterbottle,color:red;material:plastic;pattern:unknown,A red waterbottle object.,train,team21_Bottle_5_Red_Plastic_Plain
images/team21_waterbottle_33.jpeg,tableware_waterbottle,color:red;material:plastic;pattern:unknown,A red waterbottle object.,train,team21_Bottle_5_Red_Plastic_Plain
images/team21_waterbottle_34.jpeg,tableware_waterbottle,color:red;material:plastic;pattern:unknown,A red waterbottle object.,train,team21_Bottle_5_Red_Plastic_Plain
images/team21_waterbottle_35.jpeg,tableware_waterbottle,color:red;material:plastic;pattern:unknown,A red waterbottle object.,train,team21_Bottle_5_Red_Plastic_Plain
images/team21_waterbottle_36.jpeg,tableware_waterbottle,color:blue;material:unknown;pattern:unknown,A blue waterbottle object.,train,team21_Bottle_12_Blue_Steel_Plain
images/team21_waterbottle_37.jpeg,tableware_waterbottle,color:blue;material:unknown;pattern:unknown,A blue waterbottle object.,train,team21_Bottle_12_Blue_Steel_Plain
images/team21_waterbottle_38.jpeg,tableware_waterbottle,color:blue;material:unknown;pattern:unknown,A blue waterbottle object.,train,team21_Bottle_12_Blue_Steel_Plain
images/team21_waterbottle_39.jpeg,tableware_waterbottle,color:blue;material:unknown;pattern:unknown,A blue waterbottle object.,train,team21_Bottle_12_Blue_Steel_Plain
images/team21_waterbottle_40.jpeg,tableware_waterbottle,color:blue;material:unknown;pattern:unknown,A blue waterbottle object.,train,team21_Bottle_12_Blue_Steel_Plain
images/team21_waterbottle_41.jpeg,tableware_waterbottle,color:grey;material:unknown;pattern:unknown,A grey waterbottle object.,train,team21_Bottle_11_Grey_Steel_Plain
images/team21_waterbottle_42.jpeg,tableware_waterbottle,color:grey;material:unknown;pattern:unknown,A grey waterbottle object.,train,team21_Bottle_11_Grey_Steel_Plain
images/team21_waterbottle_43.jpeg,tableware_waterbottle,color:grey;material:unknown;pattern:unknown,A grey waterbottle object.,train,team21_Bottle_11_Grey_Steel_Plain
images/team21_waterbottle_44.jpeg,tableware_waterbottle,color:grey;material:unknown;pattern:unknown,A grey waterbottle object.,train,team21_Bottle_11_Grey_Steel_Plain
images/team21_waterbottle_45.jpeg,tableware_waterbottle,color:grey;material:unknown;pattern:unknown,A grey waterbottle object.,train,team21_Bottle_11_Grey_Steel_Plain
images/team21_waterbottle_46.jpeg,tableware_waterbottle,color:black;material:unknown;pattern:unknown,A black waterbottle object.,val,team21_Bottle_10_Black_Steel_Plain
images/team21_waterbottle_47.jpeg,tableware_waterbottle,color:black;material:unknown;pattern:unknown,A black waterbottle object.,val,team21_Bottle_10_Black_Steel_Plain
images/team21_waterbottle_48.jpeg,tableware_waterbottle,color:black;material:unknown;pattern:unknown,A black waterbottle object.,val,team21_Bottle_10_Black_Steel_Plain
images/team21_waterbottle_49.jpeg,tableware_waterbottle,color:black;material:unknown;pattern:unknown,A black waterbottle object.,val,team21_Bottle_10_Black_Steel_Plain
images/team21_waterbottle_50.jpeg,tableware_waterbottle,color:black;material:unknown;pattern:unknown,A black waterbottle object.,val,team21_Bottle_10_Black_Steel_Plain
images/team21_waterbottle_51.jpeg,tableware_waterbottle,color:unknown;material:metal;pattern:textured,A unknown waterbottle object.,val,team21_Bottle_2_Pink_metal_Textured
images/team21_waterbottle_52.jpeg,tableware_waterbottle,color:unknown;material:metal;pattern:textured,A unknown waterbottle object.,val,team21_Bottle_2_Pink_metal_Textured
images/team21_waterbottle_53.jpeg,tableware_waterbottle,color:unknown;material:metal;pattern:textured,A unknown waterbottle object.,val,team21_Bottle_2_Pink_metal_Textured
images/team21_waterbottle_54.jpeg,tableware_waterbottle,color:unknown;material:metal;pattern:textured,A unknown waterbottle object.,val,team21_Bottle_2_Pink_metal_Textured
images/team21_waterbottle_55.jpeg,tableware_waterbottle,color:unknown;material:metal;pattern:textured,A unknown waterbottle object.,val,team21_Bottle_2_Pink_metal_Textured
images/team21_waterbottle_56.jpeg,tableware_waterbottle,color:black;material:metal;pattern:textured,A black waterbottle object.,val,team21_Bottle_1_Black_metal_Textured
images/team21_waterbottle_57.jpeg,tableware_waterbottle,color:black;material:metal;pattern:textured,A black waterbottle object.,val,team21_Bottle_1_Black_metal_Textured
images/team21_waterbottle_58.jpeg,tableware_waterbottle,color:black;material:metal;pattern:textured,A black waterbottle object.,val,team21_Bottle_1_Black_metal_Textured
images/team21_waterbottle_59.jpeg,tableware_waterbottle,color:black;material:metal;pattern:textured,A black waterbottle object.,val,team21_Bottle_1_Black_metal_Textured
images/team21_waterbottle_60.jpeg,tableware_waterbottle,color:black;material:metal;pattern:textured,A black waterbottle object.,val,team21_Bottle_1_Black_metal_Textured
images/team21_keyboard_1.jpeg,electronics_keyboard,color:black;material:unknown;pattern:unknown,A black keyboard object.,train,team21_zeb_transformer_black_fullsize
images/team21_keyboard_2.jpeg,electronics_keyboard,color:black;material:unknown;pattern:unknown,A black keyboard object.,train,team21_zeb_transformer_black_fullsize
images/team21_keyboard_3.jpeg,electronics_keyboard,color:black;material:unknown;pattern:unknown,A black keyboard object.,train,team21_zeb_transformer_black_fullsize
images/team21_keyboard_4.jpeg,electronics_keyboard,color:black;material:unknown;pattern:unknown,A black keyboard object.,train,team21_zeb_transformer_black_fullsize
images/team21_keyboard_5.jpeg,electronics_keyboard,color:black;material:unknown;pattern:unknown,A black keyboard object.,train,team21_zeb_transformer_black_fullsize
images/team21_keyboard_6.jpeg,electronics_keyboard,color:black;material:plastic;pattern:unknown,A black keyboard object.,train,team21_hp_office_black_plastic_plain_fullsize
images/team21_keyboard_7.jpeg,electronics_keyboard,color:black;material:plastic;pattern:unknown,A black keyboard object.,train,team21_hp_office_black_plastic_plain_fullsize
images/team21_keyboard_8.jpeg,electronics_keyboard,color:black;material:plastic;pattern:unknown,A black keyboard object.,train,team21_hp_office_black_plastic_plain_fullsize
images/team21_keyboard_9.jpeg,electronics_keyboard,color:black;material:plastic;pattern:unknown,A black keyboard object.,train,team21_hp_office_black_plastic_plain_fullsize
images/team21_keyboard_10.jpeg,electronics_keyboard,color:black;material:plastic;pattern:unknown,A black keyboard object.,train,team21_hp_office_black_plastic_plain_fullsize
images/team21_keyboard_11.jpeg,electronics_keyboard,color:white;material:plastic;pattern:unknown,A white keyboard object.,train,team21_magic_keyboard_white_plastic_plain
images/team21_keyboard_12.jpeg,electronics_keyboard,color:white;material:plastic;pattern:unknown,A white keyboard object.,train,team21_magic_keyboard_white_plastic_plain
images/team21_keyboard_13.jpeg,electronics_keyboard,color:white;material:plastic;pattern:unknown,A white keyboard object.,train,team21_magic_keyboard_white_plastic_plain
images/team21_keyboard_14.jpeg,electronics_keyboard,color:white;material:plastic;pattern:unknown,A white keyboard object.,train,team21_magic_keyboard_white_plastic_plain
images/team21_keyboard_15.jpeg,electronics_keyboard,color:white;material:plastic;pattern:unknown,A white keyboard object.,train,team21_magic_keyboard_white_plastic_plain
images/team21_keyboard_16.jpeg,electronics_keyboard,color:white;material:plastic;pattern:unknown,A white keyboard object.,train,team21_rk61_white_plastic_plain
images/team21_keyboard_17.jpeg,electronics_keyboard,color:white;material:plastic;pattern:unknown,A white keyboard object.,train,team21_rk61_white_plastic_plain
images/team21_keyboard_18.jpeg,electronics_keyboard,color:white;material:plastic;pattern:unknown,A white keyboard object.,train,team21_rk61_white_plastic_plain
images/team21_keyboard_19.jpeg,electronics_keyboard,color:white;material:plastic;pattern:unknown,A white keyboard object.,train,team21_rk61_white_plastic_plain
images/team21_keyboard_20.jpeg,electronics_keyboard,color:white;material:plastic;pattern:unknown,A white keyboard object.,train,team21_rk61_white_plastic_plain
images/team21_keyboard_21.jpeg,electronics_keyboard,color:black;material:plastic;pattern:unknown,A black keyboard object.,train,team21_rk61_black_plastic_plain
images/team21_keyboard_22.jpeg,electronics_keyboard,color:black;material:plastic;pattern:unknown,A black keyboard object.,train,team21_rk61_black_plastic_plain
images/team21_keyboard_23.jpeg,electronics_keyboard,color:black;material:plastic;pattern:unknown,A black keyboard object.,train,team21_rk61_black_plastic_plain
images/team21_keyboard_24.jpeg,electronics_keyboard,color:black;material:plastic;pattern:unknown,A black keyboard object.,train,team21_rk61_black_plastic_plain
images/team21_keyboard_25.jpeg,electronics_keyboard,color:black;material:plastic;pattern:unknown,A black keyboard object.,train,team21_rk61_black_plastic_plain
images/team21_keyboard_26.jpeg,electronics_keyboard,color:black;material:plastic;pattern:unknown,A black keyboard object.,train,team21_firefly_black_plastic_plain
images/team21_keyboard_27.jpeg,electronics_keyboard,color:black;material:plastic;pattern:unknown,A black keyboard object.,train,team21_firefly_black_plastic_plain
images/team21_keyboard_28.jpeg,electronics_keyboard,color:black;material:plastic;pattern:unknown,A black keyboard object.,train,team21_firefly_black_plastic_plain
images/team21_keyboard_29.jpeg,electronics_keyboard,color:black;material:plastic;pattern:unknown,A black keyboard object.,train,team21_firefly_black_plastic_plain
images/team21_keyboard_30.jpeg,electronics_keyboard,color:black;material:plastic;pattern:unknown,A black keyboard object.,train,team21_firefly_black_plastic_plain
images/team21_keyboard_31.jpeg,electronics_keyboard,color:black;material:unknown;pattern:unknown,A black keyboard object.,train,team21_logitech_k270_black_plain_fullsize
images/team21_keyboard_32.jpeg,electronics_keyboard,color:black;material:unknown;pattern:unknown,A black keyboard object.,train,team21_logitech_k270_black_plain_fullsize
images/team21_keyboard_33.jpeg,electronics_keyboard,color:black;material:unknown;pattern:unknown,A black keyboard object.,train,team21_logitech_k270_black_plain_fullsize
images/team21_keyboard_34.jpeg,electronics_keyboard,color:black;material:unknown;pattern:unknown,A black keyboard object.,train,team21_logitech_k270_black_plain_fullsize
images/team21_keyboard_35.jpeg,electronics_keyboard,color:black;material:unknown;pattern:unknown,A black keyboard object.,train,team21_logitech_k270_black_plain_fullsize
images/team21_keyboard_36.jpeg,electronics_keyboard,color:white;material:plastic;pattern:unknown,A white keyboard object.,train,team21_reddragonpro_white_plastic_plain
images/team21_keyboard_37.jpeg,electronics_keyboard,color:white;material:plastic;pattern:unknown,A white keyboard object.,train,team21_reddragonpro_white_plastic_plain
images/team21_keyboard_38.jpeg,electronics_keyboard,color:white;material:plastic;pattern:unknown,A white keyboard object.,train,team21_reddragonpro_white_plastic_plain
images/team21_keyboard_39.jpeg,electronics_keyboard,color:white;material:plastic;pattern:unknown,A white keyboard object.,train,team21_reddragonpro_white_plastic_plain
images/team21_keyboard_40.jpeg,electronics_keyboard,color:white;material:plastic;pattern:unknown,A white keyboard object.,train,team21_reddragonpro_white_plastic_plain
images/team21_keyboard_41.jpeg,electronics_keyboard,color:unknown;material:plastic;pattern:unknown,A unknown keyboard object.,train,team21_dell_kb20_plastic_plain_fullsize
images/team21_keyboard_42.jpeg,electronics_keyboard,color:unknown;material:plastic;pattern:unknown,A unknown keyboard object.,train,team21_dell_kb20_plastic_plain_fullsize
images/team21_keyboard_43.jpeg,electronics_keyboard,color:unknown;material:plastic;pattern:unknown,A unknown keyboard object.,train,team21_dell_kb20_plastic_plain_fullsize
images/team21_keyboard_44.jpeg,electronics_keyboard,color:unknown;material:plastic;pattern:unknown,A unknown keyboard object.,train,team21_dell_kb20_plastic_plain_fullsize
images/team21_keyboard_45.jpeg,electronics_keyboard,color:unknown;material:plastic;pattern:unknown,A unknown keyboard object.,train,team21_dell_kb20_plastic_plain_fullsize
images/team21_keyboard_46.jpeg,electronics_keyboard,color:black;material:plastic;pattern:unknown,A black keyboard object.,val,team21_logitech_k120_black_plastic_plain_fullsize
images/team21_keyboard_47.jpeg,electronics_keyboard,color:black;material:plastic;pattern:unknown,A black keyboard object.,val,team21_logitech_k120_black_plastic_plain_fullsize
images/team21_keyboard_48.jpeg,electronics_keyboard,color:black;material:plastic;pattern:unknown,A black keyboard object.,val,team21_logitech_k120_black_plastic_plain_fullsize
images/team21_keyboard_49.jpeg,electronics_keyboard,color:black;material:plastic;pattern:unknown,A black keyboard object.,val,team21_logitech_k120_black_plastic_plain_fullsize
images/team21_keyboard_50.jpeg,electronics_keyboard,color:black;material:plastic;pattern:unknown,A black keyboard object.,val,team21_logitech_k120_black_plastic_plain_fullsize
images/team21_keyboard_51.jpeg,electronics_keyboard,color:black;material:plastic;pattern:unknown,A black keyboard object.,val,team21_hp_k300_black_plastic_plain_fullsize
images/team21_keyboard_52.jpeg,electronics_keyboard,color:black;material:plastic;pattern:unknown,A black keyboard object.,val,team21_hp_k300_black_plastic_plain_fullsize
images/team21_keyboard_53.jpeg,electronics_keyboard,color:black;material:plastic;pattern:unknown,A black keyboard object.,val,team21_hp_k300_black_plastic_plain_fullsize
images/team21_keyboard_54.jpeg,electronics_keyboard,color:black;material:plastic;pattern:unknown,A black keyboard object.,val,team21_hp_k300_black_plastic_plain_fullsize
images/team21_keyboard_55.jpeg,electronics_keyboard,color:black;material:plastic;pattern:unknown,A black keyboard object.,val,team21_hp_k300_black_plastic_plain_fullsize
images/team21_keyboard_56.jpeg,electronics_keyboard,color:black;material:plastic;pattern:unknown,A black keyboard object.,val,team21_evofox_katana_black_plastic_plain_fullsize
images/team21_keyboard_57.jpeg,electronics_keyboard,color:black;material:plastic;pattern:unknown,A black keyboard object.,val,team21_evofox_katana_black_plastic_plain_fullsize
images/team21_keyboard_58.jpeg,electronics_keyboard,color:black;material:plastic;pattern:unknown,A black keyboard object.,val,team21_evofox_katana_black_plastic_plain_fullsize
images/team21_keyboard_59.jpeg,electronics_keyboard,color:black;material:plastic;pattern:unknown,A black keyboard object.,val,team21_evofox_katana_black_plastic_plain_fullsize
images/team21_keyboard_60.jpeg,electronics_keyboard,color:black;material:plastic;pattern:unknown,A black keyboard object.,val,team21_evofox_katana_black_plastic_plain_fullsize
images/team21_wristwatch_1.jpeg,clothing_wristwatch,color:grey;material:metal;pattern:striped,A grey wristwatch object.,train,team21_Watch_4_Grey_metal_Striped
images/team21_wristwatch_2.jpeg,clothing_wristwatch,color:grey;material:metal;pattern:striped,A grey wristwatch object.,train,team21_Watch_4_Grey_metal_Striped
images/team21_wristwatch_3.jpeg,clothing_wristwatch,color:grey;material:metal;pattern:striped,A grey wristwatch object.,train,team21_Watch_4_Grey_metal_Striped
images/team21_wristwatch_4.jpeg,clothing_wristwatch,color:grey;material:metal;pattern:striped,A grey wristwatch object.,train,team21_Watch_4_Grey_metal_Striped
images/team21_wristwatch_5.jpeg,clothing_wristwatch,color:grey;material:metal;pattern:striped,A grey wristwatch object.,train,team21_Watch_4_Grey_metal_Striped
images/team21_wristwatch_6.jpeg,clothing_wristwatch,color:black;material:unknown;pattern:unknown,A black wristwatch object.,train,team21_Watch_5_Black_Rubber_Plain
images/team21_wristwatch_7.jpeg,clothing_wristwatch,color:black;material:unknown;pattern:unknown,A black wristwatch object.,train,team21_Watch_5_Black_Rubber_Plain
images/team21_wristwatch_8.jpeg,clothing_wristwatch,color:black;material:unknown;pattern:unknown,A black wristwatch object.,train,team21_Watch_5_Black_Rubber_Plain
images/team21_wristwatch_9.jpeg,clothing_wristwatch,color:black;material:unknown;pattern:unknown,A black wristwatch object.,train,team21_Watch_5_Black_Rubber_Plain
images/team21_wristwatch_10.jpeg,clothing_wristwatch,color:black;material:unknown;pattern:unknown,A black wristwatch object.,train,team21_Watch_5_Black_Rubber_Plain
images/team21_wristwatch_11.jpeg,clothing_wristwatch,color:unknown;material:unknown;pattern:unknown,A unknown wristwatch object.,train,team21_Watch_2_Pink_Rubber_Plain
images/team21_wristwatch_12.jpeg,clothing_wristwatch,color:unknown;material:unknown;pattern:unknown,A unknown wristwatch object.,train,team21_Watch_2_Pink_Rubber_Plain
images/team21_wristwatch_13.jpeg,clothing_wristwatch,color:unknown;material:unknown;pattern:unknown,A unknown wristwatch object.,train,team21_Watch_2_Pink_Rubber_Plain
images/team21_wristwatch_14.jpeg,clothing_wristwatch,color:unknown;material:unknown;pattern:unknown,A unknown wristwatch object.,train,team21_Watch_2_Pink_Rubber_Plain
images/team21_wristwatch_15.jpeg,clothing_wristwatch,color:unknown;material:unknown;pattern:unknown,A unknown wristwatch object.,train,team21_Watch_2_Pink_Rubber_Plain
images/team21_wristwatch_16.jpeg,clothing_wristwatch,color:unknown;material:metal;pattern:striped,A unknown wristwatch object.,train,team21_Watch_6_Yellow_metal_Striped
images/team21_wristwatch_17.jpeg,clothing_wristwatch,color:unknown;material:metal;pattern:striped,A unknown wristwatch object.,train,team21_Watch_6_Yellow_metal_Striped
images/team21_wristwatch_18.jpeg,clothing_wristwatch,color:unknown;material:metal;pattern:striped,A unknown wristwatch object.,train,team21_Watch_6_Yellow_metal_Striped
images/team21_wristwatch_19.jpeg,clothing_wristwatch,color:unknown;material:metal;pattern:striped,A unknown wristwatch object.,train,team21_Watch_6_Yellow_metal_Striped
images/team21_wristwatch_20.jpeg,clothing_wristwatch,color:unknown;material:metal;pattern:striped,A unknown wristwatch object.,train,team21_Watch_6_Yellow_metal_Striped
images/team21_wristwatch_21.jpeg,clothing_wristwatch,color:white;material:unknown;pattern:unknown,A white wristwatch object.,train,team21_Watch_10_White_Rubber_Plain
images/team21_wristwatch_22.jpeg,clothing_wristwatch,color:white;material:unknown;pattern:unknown,A white wristwatch object.,train,team21_Watch_10_White_Rubber_Plain
images/team21_wristwatch_23.jpeg,clothing_wristwatch,color:white;material:unknown;pattern:unknown,A white wristwatch object.,train,team21_Watch_10_White_Rubber_Plain
images/team21_wristwatch_24.jpeg,clothing_wristwatch,color:white;material:unknown;pattern:unknown,A white wristwatch object.,train,team21_Watch_10_White_Rubber_Plain
images/team21_wristwatch_25.jpeg,clothing_wristwatch,color:white;material:unknown;pattern:unknown,A white wristwatch object.,train,team21_Watch_10_White_Rubber_Plain
images/team21_wristwatch_26.jpeg,clothing_wristwatch,color:grey;material:metal;pattern:striped,A grey wristwatch object.,train,team21_Watch_1_Grey_metal_striped
images/team21_wristwatch_27.jpeg,clothing_wristwatch,color:grey;material:metal;pattern:striped,A grey wristwatch object.,train,team21_Watch_1_Grey_metal_striped
images/team21_wristwatch_28.jpeg,clothing_wristwatch,color:grey;material:metal;pattern:striped,A grey wristwatch object.,train,team21_Watch_1_Grey_metal_striped
images/team21_wristwatch_29.jpeg,clothing_wristwatch,color:grey;material:metal;pattern:striped,A grey wristwatch object.,train,team21_Watch_1_Grey_metal_striped
images/team21_wristwatch_30.jpeg,clothing_wristwatch,color:grey;material:metal;pattern:striped,A grey wristwatch object.,train,team21_Watch_1_Grey_metal_striped
images/team21_wristwatch_31.jpeg,clothing_wristwatch,color:grey;material:metal;pattern:striped,A grey wristwatch object.,train,team21_Watch_9_Grey_metal_Striped
images/team21_wristwatch_32.jpeg,clothing_wristwatch,color:grey;material:metal;pattern:striped,A grey wristwatch object.,train,team21_Watch_9_Grey_metal_Striped
images/team21_wristwatch_33.jpeg,clothing_wristwatch,color:grey;material:metal;pattern:striped,A grey wristwatch object.,train,team21_Watch_9_Grey_metal_Striped
images/team21_wristwatch_34.jpeg,clothing_wristwatch,color:grey;material:metal;pattern:striped,A grey wristwatch object.,train,team21_Watch_9_Grey_metal_Striped
images/team21_wristwatch_35.jpeg,clothing_wristwatch,color:grey;material:metal;pattern:striped,A grey wristwatch object.,train,team21_Watch_9_Grey_metal_Striped
images/team21_wristwatch_36.jpeg,clothing_wristwatch,color:black;material:unknown;pattern:striped,A black wristwatch object.,train,team21_Watch_3_Black_Rubber_Striped
images/team21_wristwatch_37.jpeg,clothing_wristwatch,color:black;material:unknown;pattern:striped,A black wristwatch object.,train,team21_Watch_3_Black_Rubber_Striped
images/team21_wristwatch_38.jpeg,clothing_wristwatch,color:black;material:unknown;pattern:striped,A black wristwatch object.,train,team21_Watch_3_Black_Rubber_Striped
images/team21_wristwatch_39.jpeg,clothing_wristwatch,color:black;material:unknown;pattern:striped,A black wristwatch object.,train,team21_Watch_3_Black_Rubber_Striped
images/team21_wristwatch_40.jpeg,clothing_wristwatch,color:black;material:unknown;pattern:striped,A black wristwatch object.,train,team21_Watch_3_Black_Rubber_Striped
images/team21_wristwatch_41.jpeg,clothing_wristwatch,color:unknown;material:unknown;pattern:unknown,A unknown wristwatch object.,train,team21_Watch_8_Pink_Rubber_Plain
images/team21_wristwatch_42.jpeg,clothing_wristwatch,color:unknown;material:unknown;pattern:unknown,A unknown wristwatch object.,train,team21_Watch_8_Pink_Rubber_Plain
images/team21_wristwatch_43.jpeg,clothing_wristwatch,color:unknown;material:unknown;pattern:unknown,A unknown wristwatch object.,train,team21_Watch_8_Pink_Rubber_Plain
images/team21_wristwatch_44.jpeg,clothing_wristwatch,color:unknown;material:unknown;pattern:unknown,A unknown wristwatch object.,train,team21_Watch_8_Pink_Rubber_Plain
images/team21_wristwatch_45.jpeg,clothing_wristwatch,color:unknown;material:unknown;pattern:unknown,A unknown wristwatch object.,train,team21_Watch_8_Pink_Rubber_Plain
images/team21_wristwatch_46.jpeg,clothing_wristwatch,color:brown;material:leather;pattern:textured,A brown wristwatch object.,val,team21_Watch_12_brown_leather_textured
images/team21_wristwatch_47.jpeg,clothing_wristwatch,color:brown;material:leather;pattern:textured,A brown wristwatch object.,val,team21_Watch_12_brown_leather_textured
images/team21_wristwatch_48.jpeg,clothing_wristwatch,color:brown;material:leather;pattern:textured,A brown wristwatch object.,val,team21_Watch_12_brown_leather_textured
images/team21_wristwatch_49.jpeg,clothing_wristwatch,color:brown;material:leather;pattern:textured,A brown wristwatch object.,val,team21_Watch_12_brown_leather_textured
images/team21_wristwatch_50.jpeg,clothing_wristwatch,color:brown;material:leather;pattern:textured,A brown wristwatch object.,val,team21_Watch_12_brown_leather_textured
images/team21_wristwatch_51.jpeg,clothing_wristwatch,color:black;material:unknown;pattern:unknown,A black wristwatch object.,val,team21_Watch_11_Black_Rubber_Plain
images/team21_wristwatch_52.jpeg,clothing_wristwatch,color:black;material:unknown;pattern:unknown,A black wristwatch object.,val,team21_Watch_11_Black_Rubber_Plain
images/team21_wristwatch_53.jpeg,clothing_wristwatch,color:black;material:unknown;pattern:unknown,A black wristwatch object.,val,team21_Watch_11_Black_Rubber_Plain
images/team21_wristwatch_54.jpeg,clothing_wristwatch,color:black;material:unknown;pattern:unknown,A black wristwatch object.,val,team21_Watch_11_Black_Rubber_Plain
images/team21_wristwatch_55.jpeg,clothing_wristwatch,color:black;material:unknown;pattern:unknown,A black wristwatch object.,val,team21_Watch_11_Black_Rubber_Plain
images/team21_wristwatch_56.jpeg,clothing_wristwatch,color:blue;material:leather;pattern:unknown,A blue wristwatch object.,val,team21_Watch_7_Blue_leather_Plain
images/team21_wristwatch_57.jpeg,clothing_wristwatch,color:blue;material:leather;pattern:unknown,A blue wristwatch object.,val,team21_Watch_7_Blue_leather_Plain
images/team21_wristwatch_58.jpeg,clothing_wristwatch,color:blue;material:leather;pattern:unknown,A blue wristwatch object.,val,team21_Watch_7_Blue_leather_Plain
images/team21_wristwatch_59.jpeg,clothing_wristwatch,color:blue;material:leather;pattern:unknown,A blue wristwatch object.,val,team21_Watch_7_Blue_leather_Plain
images/team21_wristwatch_60.jpeg,clothing_wristwatch,color:blue;material:leather;pattern:unknown,A blue wristwatch object.,val,team21_Watch_7_Blue_leather_Plain
images/team21_screwdriver_1.jpeg,tools_screwdriver,color:green;material:plastic;pattern:unknown,A green screwdriver object.,train,team21_Screwdriver_5_Green_Plastic_Plain
images/team21_screwdriver_2.jpeg,tools_screwdriver,color:green;material:plastic;pattern:unknown,A green screwdriver object.,train,team21_Screwdriver_5_Green_Plastic_Plain
images/team21_screwdriver_3.jpeg,tools_screwdriver,color:green;material:plastic;pattern:unknown,A green screwdriver object.,train,team21_Screwdriver_5_Green_Plastic_Plain
images/team21_screwdriver_4.jpeg,tools_screwdriver,color:green;material:plastic;pattern:unknown,A green screwdriver object.,train,team21_Screwdriver_5_Green_Plastic_Plain
images/team21_screwdriver_5.jpeg,tools_screwdriver,color:green;material:plastic;pattern:unknown,A green screwdriver object.,train,team21_Screwdriver_5_Green_Plastic_Plain
images/team21_screwdriver_6.jpeg,tools_screwdriver,color:blue;material:unknown;pattern:textured,A blue screwdriver object.,train,team21_Screwdriver_8_Blue_Rubber_Textured
images/team21_screwdriver_7.jpeg,tools_screwdriver,color:blue;material:unknown;pattern:textured,A blue screwdriver object.,train,team21_Screwdriver_8_Blue_Rubber_Textured
images/team21_screwdriver_8.jpeg,tools_screwdriver,color:blue;material:unknown;pattern:textured,A blue screwdriver object.,train,team21_Screwdriver_8_Blue_Rubber_Textured
images/team21_screwdriver_9.jpeg,tools_screwdriver,color:blue;material:unknown;pattern:textured,A blue screwdriver object.,train,team21_Screwdriver_8_Blue_Rubber_Textured
images/team21_screwdriver_10.jpeg,tools_screwdriver,color:blue;material:unknown;pattern:textured,A blue screwdriver object.,train,team21_Screwdriver_8_Blue_Rubber_Textured
images/team21_screwdriver_11.jpeg,tools_screwdriver,color:unknown;material:plastic;pattern:unknown,A unknown screwdriver object.,train,team21_Screwdriver_1_Yellow_Plastic_Plain
images/team21_screwdriver_12.jpeg,tools_screwdriver,color:unknown;material:plastic;pattern:unknown,A unknown screwdriver object.,train,team21_Screwdriver_1_Yellow_Plastic_Plain
images/team21_screwdriver_13.jpeg,tools_screwdriver,color:unknown;material:plastic;pattern:unknown,A unknown screwdriver object.,train,team21_Screwdriver_1_Yellow_Plastic_Plain
images/team21_screwdriver_14.jpeg,tools_screwdriver,color:unknown;material:plastic;pattern:unknown,A unknown screwdriver object.,train,team21_Screwdriver_1_Yellow_Plastic_Plain
images/team21_screwdriver_15.jpeg,tools_screwdriver,color:unknown;material:plastic;pattern:unknown,A unknown screwdriver object.,train,team21_Screwdriver_1_Yellow_Plastic_Plain
images/team21_screwdriver_16.jpeg,tools_screwdriver,color:black;material:unknown;pattern:unknown,A black screwdriver object.,train,team21_Screwdriver_12_Black_UNKNOWN_Plain
images/team21_screwdriver_17.jpeg,tools_screwdriver,color:black;material:unknown;pattern:unknown,A black screwdriver object.,train,team21_Screwdriver_12_Black_UNKNOWN_Plain
images/team21_screwdriver_18.jpeg,tools_screwdriver,color:black;material:unknown;pattern:unknown,A black screwdriver object.,train,team21_Screwdriver_12_Black_UNKNOWN_Plain
images/team21_screwdriver_19.jpeg,tools_screwdriver,color:black;material:unknown;pattern:unknown,A black screwdriver object.,train,team21_Screwdriver_12_Black_UNKNOWN_Plain
images/team21_screwdriver_20.jpeg,tools_screwdriver,color:black;material:unknown;pattern:unknown,A black screwdriver object.,train,team21_Screwdriver_12_Black_UNKNOWN_Plain
images/team21_screwdriver_21.jpeg,tools_screwdriver,color:unknown;material:plastic;pattern:unknown,A unknown screwdriver object.,train,team21_Screwdriver_7_Yellow_Plastic_Plain
images/team21_screwdriver_22.jpeg,tools_screwdriver,color:unknown;material:plastic;pattern:unknown,A unknown screwdriver object.,train,team21_Screwdriver_7_Yellow_Plastic_Plain
images/team21_screwdriver_23.jpeg,tools_screwdriver,color:unknown;material:plastic;pattern:unknown,A unknown screwdriver object.,train,team21_Screwdriver_7_Yellow_Plastic_Plain
images/team21_screwdriver_24.jpeg,tools_screwdriver,color:unknown;material:plastic;pattern:unknown,A unknown screwdriver object.,train,team21_Screwdriver_7_Yellow_Plastic_Plain
images/team21_screwdriver_25.jpeg,tools_screwdriver,color:unknown;material:plastic;pattern:unknown,A unknown screwdriver object.,train,team21_Screwdriver_7_Yellow_Plastic_Plain
images/team21_screwdriver_26.jpeg,tools_screwdriver,color:green;material:plastic;pattern:unknown,A green screwdriver object.,train,team21_Screwdriver_9_Green_Plastic_Plain
images/team21_screwdriver_27.jpeg,tools_screwdriver,color:green;material:plastic;pattern:unknown,A green screwdriver object.,train,team21_Screwdriver_9_Green_Plastic_Plain
images/team21_screwdriver_28.jpeg,tools_screwdriver,color:green;material:plastic;pattern:unknown,A green screwdriver object.,train,team21_Screwdriver_9_Green_Plastic_Plain
images/team21_screwdriver_29.jpeg,tools_screwdriver,color:green;material:plastic;pattern:unknown,A green screwdriver object.,train,team21_Screwdriver_9_Green_Plastic_Plain
images/team21_screwdriver_30.jpeg,tools_screwdriver,color:green;material:plastic;pattern:unknown,A green screwdriver object.,train,team21_Screwdriver_9_Green_Plastic_Plain
images/team21_screwdriver_31.jpeg,tools_screwdriver,color:black;material:unknown;pattern:textured,A black screwdriver object.,train,team21_Screwdriver_6_Black_Rubber_Textured
images/team21_screwdriver_32.jpeg,tools_screwdriver,color:black;material:unknown;pattern:textured,A black screwdriver object.,train,team21_Screwdriver_6_Black_Rubber_Textured
images/team21_screwdriver_33.jpeg,tools_screwdriver,color:black;material:unknown;pattern:textured,A black screwdriver object.,train,team21_Screwdriver_6_Black_Rubber_Textured
images/team21_screwdriver_34.jpeg,tools_screwdriver,color:black;material:unknown;pattern:textured,A black screwdriver object.,train,team21_Screwdriver_6_Black_Rubber_Textured
images/team21_screwdriver_35.jpeg,tools_screwdriver,color:black;material:unknown;pattern:textured,A black screwdriver object.,train,team21_Screwdriver_6_Black_Rubber_Textured
images/team21_screwdriver_36.jpeg,tools_screwdriver,color:green;material:plastic;pattern:unknown,A green screwdriver object.,train,team21_Screwdriver_3_Green_Plastic_Plain
images/team21_screwdriver_37.jpeg,tools_screwdriver,color:green;material:plastic;pattern:unknown,A green screwdriver object.,train,team21_Screwdriver_3_Green_Plastic_Plain
images/team21_screwdriver_38.jpeg,tools_screwdriver,color:green;material:plastic;pattern:unknown,A green screwdriver object.,train,team21_Screwdriver_3_Green_Plastic_Plain
images/team21_screwdriver_39.jpeg,tools_screwdriver,color:green;material:plastic;pattern:unknown,A green screwdriver object.,train,team21_Screwdriver_3_Green_Plastic_Plain
images/team21_screwdriver_40.jpeg,tools_screwdriver,color:green;material:plastic;pattern:unknown,A green screwdriver object.,train,team21_Screwdriver_3_Green_Plastic_Plain
images/team21_screwdriver_41.jpeg,tools_screwdriver,color:black;material:unknown;pattern:textured,A black screwdriver object.,train,team21_Screwdriver_4_Black_Rubber_Textured
images/team21_screwdriver_42.jpeg,tools_screwdriver,color:black;material:unknown;pattern:textured,A black screwdriver object.,train,team21_Screwdriver_4_Black_Rubber_Textured
images/team21_screwdriver_43.jpeg,tools_screwdriver,color:black;material:unknown;pattern:textured,A black screwdriver object.,train,team21_Screwdriver_4_Black_Rubber_Textured
images/team21_screwdriver_44.jpeg,tools_screwdriver,color:black;material:unknown;pattern:textured,A black screwdriver object.,train,team21_Screwdriver_4_Black_Rubber_Textured
images/team21_screwdriver_45.jpeg,tools_screwdriver,color:black;material:unknown;pattern:textured,A black screwdriver object.,train,team21_Screwdriver_4_Black_Rubber_Textured
images/team21_screwdriver_46.jpeg,tools_screwdriver,color:blue;material:plastic;pattern:unknown,A blue screwdriver object.,val,team21_Screwdriver_10_Blue_Plastic_Plain
images/team21_screwdriver_47.jpeg,tools_screwdriver,color:blue;material:plastic;pattern:unknown,A blue screwdriver object.,val,team21_Screwdriver_10_Blue_Plastic_Plain
images/team21_screwdriver_48.jpeg,tools_screwdriver,color:blue;material:plastic;pattern:unknown,A blue screwdriver object.,val,team21_Screwdriver_10_Blue_Plastic_Plain
images/team21_screwdriver_49.jpeg,tools_screwdriver,color:blue;material:plastic;pattern:unknown,A blue screwdriver object.,val,team21_Screwdriver_10_Blue_Plastic_Plain
images/team21_screwdriver_50.jpeg,tools_screwdriver,color:blue;material:plastic;pattern:unknown,A blue screwdriver object.,val,team21_Screwdriver_10_Blue_Plastic_Plain
images/team21_screwdriver_51.jpeg,tools_screwdriver,color:black;material:unknown;pattern:textured,A black screwdriver object.,val,team21_Screwdriver_11_Black_Rubber_Textured
images/team21_screwdriver_52.jpeg,tools_screwdriver,color:black;material:unknown;pattern:textured,A black screwdriver object.,val,team21_Screwdriver_11_Black_Rubber_Textured
images/team21_screwdriver_53.jpeg,tools_screwdriver,color:black;material:unknown;pattern:textured,A black screwdriver object.,val,team21_Screwdriver_11_Black_Rubber_Textured
images/team21_screwdriver_54.jpeg,tools_screwdriver,color:black;material:unknown;pattern:textured,A black screwdriver object.,val,team21_Screwdriver_11_Black_Rubber_Textured
images/team21_screwdriver_55.jpeg,tools_screwdriver,color:black;material:unknown;pattern:textured,A black screwdriver object.,val,team21_Screwdriver_11_Black_Rubber_Textured
images/team21_screwdriver_56.jpeg,tools_screwdriver,color:green;material:plastic;pattern:unknown,A green screwdriver object.,val,team21_Screwdriver_2_Green_Plastic_Plain
images/team21_screwdriver_57.jpeg,tools_screwdriver,color:green;material:plastic;pattern:unknown,A green screwdriver object.,val,team21_Screwdriver_2_Green_Plastic_Plain
images/team21_screwdriver_58.jpeg,tools_screwdriver,color:green;material:plastic;pattern:unknown,A green screwdriver object.,val,team21_Screwdriver_2_Green_Plastic_Plain
images/team21_screwdriver_59.jpeg,tools_screwdriver,color:green;material:plastic;pattern:unknown,A green screwdriver object.,val,team21_Screwdriver_2_Green_Plastic_Plain
images/team21_screwdriver_60.jpeg,tools_screwdriver,color:green;material:plastic;pattern:unknown,A green screwdriver object.,val,team21_Screwdriver_2_Green_Plastic_Plain
images/team21_backpack_1.jpeg,travel_backpack,color:black;material:unknown;pattern:striped,A black backpack object.,train,team21_safari_hitech_black_polyester_striped
images/team21_backpack_2.jpeg,travel_backpack,color:black;material:unknown;pattern:striped,A black backpack object.,train,team21_safari_hitech_black_polyester_striped
images/team21_backpack_3.jpeg,travel_backpack,color:black;material:unknown;pattern:striped,A black backpack object.,train,team21_safari_hitech_black_polyester_striped
images/team21_backpack_4.jpeg,travel_backpack,color:black;material:unknown;pattern:striped,A black backpack object.,train,team21_safari_hitech_black_polyester_striped
images/team21_backpack_5.jpeg,travel_backpack,color:black;material:unknown;pattern:striped,A black backpack object.,train,team21_safari_hitech_black_polyester_striped
images/team21_backpack_6.jpeg,travel_backpack,color:blue;material:unknown;pattern:striped,A blue backpack object.,train,team21_safari_hitech_blue_polyester_striped
images/team21_backpack_7.jpeg,travel_backpack,color:blue;material:unknown;pattern:striped,A blue backpack object.,train,team21_safari_hitech_blue_polyester_striped
images/team21_backpack_8.jpeg,travel_backpack,color:blue;material:unknown;pattern:striped,A blue backpack object.,train,team21_safari_hitech_blue_polyester_striped
images/team21_backpack_9.jpeg,travel_backpack,color:blue;material:unknown;pattern:striped,A blue backpack object.,train,team21_safari_hitech_blue_polyester_striped
images/team21_backpack_10.jpeg,travel_backpack,color:blue;material:unknown;pattern:striped,A blue backpack object.,train,team21_safari_hitech_blue_polyester_striped
images/team21_backpack_11.jpeg,travel_backpack,color:blue;material:unknown;pattern:unknown,A blue backpack object.,train,team21_safari_blue_canvas_printed
images/team21_backpack_12.jpeg,travel_backpack,color:blue;material:unknown;pattern:unknown,A blue backpack object.,train,team21_safari_blue_canvas_printed
images/team21_backpack_13.jpeg,travel_backpack,color:blue;material:unknown;pattern:unknown,A blue backpack object.,train,team21_safari_blue_canvas_printed
images/team21_backpack_14.jpeg,travel_backpack,color:blue;material:unknown;pattern:unknown,A blue backpack object.,train,team21_safari_blue_canvas_printed
images/team21_backpack_15.jpeg,travel_backpack,color:blue;material:unknown;pattern:unknown,A blue backpack object.,train,team21_safari_blue_canvas_printed
images/team21_backpack_16.jpeg,travel_backpack,color:grey;material:unknown;pattern:textured,A grey backpack object.,train,team21_asus_grey_canvas_textured
images/team21_backpack_17.jpeg,travel_backpack,color:grey;material:unknown;pattern:textured,A grey backpack object.,train,team21_asus_grey_canvas_textured
images/team21_backpack_18.jpeg,travel_backpack,color:grey;material:unknown;pattern:textured,A grey backpack object.,train,team21_asus_grey_canvas_textured
images/team21_backpack_19.jpeg,travel_backpack,color:grey;material:unknown;pattern:textured,A grey backpack object.,train,team21_asus_grey_canvas_textured
images/team21_backpack_20.jpeg,travel_backpack,color:grey;material:unknown;pattern:textured,A grey backpack object.,train,team21_asus_grey_canvas_textured
images/team21_backpack_21.jpeg,travel_backpack,color:black;material:unknown;pattern:unknown,A black backpack object.,train,team21_at_valex_black_polyester_plain
images/team21_backpack_22.jpeg,travel_backpack,color:black;material:unknown;pattern:unknown,A black backpack object.,train,team21_at_valex_black_polyester_plain
images/team21_backpack_23.jpeg,travel_backpack,color:black;material:unknown;pattern:unknown,A black backpack object.,train,team21_at_valex_black_polyester_plain
images/team21_backpack_24.jpeg,travel_backpack,color:black;material:unknown;pattern:unknown,A black backpack object.,train,team21_at_valex_black_polyester_plain
images/team21_backpack_25.jpeg,travel_backpack,color:black;material:unknown;pattern:unknown,A black backpack object.,train,team21_at_valex_black_polyester_plain
images/team21_backpack_26.jpeg,travel_backpack,color:grey;material:unknown;pattern:unknown,A grey backpack object.,train,team21_wildcraft_rucksack_grey_printed
images/team21_backpack_27.jpeg,travel_backpack,color:grey;material:unknown;pattern:unknown,A grey backpack object.,train,team21_wildcraft_rucksack_grey_printed
images/team21_backpack_28.jpeg,travel_backpack,color:grey;material:unknown;pattern:unknown,A grey backpack object.,train,team21_wildcraft_rucksack_grey_printed
images/team21_backpack_29.jpeg,travel_backpack,color:grey;material:unknown;pattern:unknown,A grey backpack object.,train,team21_wildcraft_rucksack_grey_printed
images/team21_backpack_30.jpeg,travel_backpack,color:grey;material:unknown;pattern:unknown,A grey backpack object.,train,team21_wildcraft_rucksack_grey_printed
images/team21_backpack_31.jpeg,travel_backpack,color:grey;material:unknown;pattern:textured,A grey backpack object.,train,team21_lenovo_grey_canvas_textured
images/team21_backpack_32.jpeg,travel_backpack,color:grey;material:unknown;pattern:textured,A grey backpack object.,train,team21_lenovo_grey_canvas_textured
images/team21_backpack_33.jpeg,travel_backpack,color:grey;material:unknown;pattern:textured,A grey backpack object.,train,team21_lenovo_grey_canvas_textured
images/team21_backpack_34.jpeg,travel_backpack,color:grey;material:unknown;pattern:textured,A grey backpack object.,train,team21_lenovo_grey_canvas_textured
images/team21_backpack_35.jpeg,travel_backpack,color:grey;material:unknown;pattern:textured,A grey backpack object.,train,team21_lenovo_grey_canvas_textured
images/team21_backpack_36.jpeg,travel_backpack,color:brown;material:leather;pattern:unknown,A brown backpack object.,train,team21_gear_brown_leather_plain
images/team21_backpack_37.jpeg,travel_backpack,color:brown;material:leather;pattern:unknown,A brown backpack object.,train,team21_gear_brown_leather_plain
images/team21_backpack_38.jpeg,travel_backpack,color:brown;material:leather;pattern:unknown,A brown backpack object.,train,team21_gear_brown_leather_plain
images/team21_backpack_39.jpeg,travel_backpack,color:brown;material:leather;pattern:unknown,A brown backpack object.,train,team21_gear_brown_leather_plain
images/team21_backpack_40.jpeg,travel_backpack,color:brown;material:leather;pattern:unknown,A brown backpack object.,train,team21_gear_brown_leather_plain
images/team21_backpack_41.jpeg,travel_backpack,color:blue;material:unknown;pattern:textured,A blue backpack object.,train,team21_lenovo_blue_canvas_textured
images/team21_backpack_42.jpeg,travel_backpack,color:blue;material:unknown;pattern:textured,A blue backpack object.,train,team21_lenovo_blue_canvas_textured
images/team21_backpack_43.jpeg,travel_backpack,color:blue;material:unknown;pattern:textured,A blue backpack object.,train,team21_lenovo_blue_canvas_textured
images/team21_backpack_44.jpeg,travel_backpack,color:blue;material:unknown;pattern:textured,A blue backpack object.,train,team21_lenovo_blue_canvas_textured
images/team21_backpack_45.jpeg,travel_backpack,color:blue;material:unknown;pattern:textured,A blue backpack object.,train,team21_lenovo_blue_canvas_textured
images/team21_backpack_46.jpeg,travel_backpack,color:brown;material:leather;pattern:unknown,A brown backpack object.,val,team21_luxur_brown_leather_plain
images/team21_backpack_47.jpeg,travel_backpack,color:brown;material:leather;pattern:unknown,A brown backpack object.,val,team21_luxur_brown_leather_plain
images/team21_backpack_48.jpeg,travel_backpack,color:brown;material:leather;pattern:unknown,A brown backpack object.,val,team21_luxur_brown_leather_plain
images/team21_backpack_49.jpeg,travel_backpack,color:brown;material:leather;pattern:unknown,A brown backpack object.,val,team21_luxur_brown_leather_plain
images/team21_backpack_50.jpeg,travel_backpack,color:brown;material:leather;pattern:unknown,A brown backpack object.,val,team21_luxur_brown_leather_plain
images/team21_backpack_51.jpeg,travel_backpack,color:grey;material:unknown;pattern:unknown,A grey backpack object.,val,team21_hp_grey_canvas_plain
images/team21_backpack_52.jpeg,travel_backpack,color:grey;material:unknown;pattern:unknown,A grey backpack object.,val,team21_hp_grey_canvas_plain
images/team21_backpack_53.jpeg,travel_backpack,color:grey;material:unknown;pattern:unknown,A grey backpack object.,val,team21_hp_grey_canvas_plain
images/team21_backpack_54.jpeg,travel_backpack,color:grey;material:unknown;pattern:unknown,A grey backpack object.,val,team21_hp_grey_canvas_plain
images/team21_backpack_55.jpeg,travel_backpack,color:grey;material:unknown;pattern:unknown,A grey backpack object.,val,team21_hp_grey_canvas_plain
images/team21_backpack_56.jpeg,travel_backpack,color:black;material:unknown;pattern:unknown,A black backpack object.,val,team21_skybags_casual_black_polyester_printed
images/team21_backpack_57.jpeg,travel_backpack,color:black;material:unknown;pattern:unknown,A black backpack object.,val,team21_skybags_casual_black_polyester_printed
images/team21_backpack_58.jpeg,travel_backpack,color:black;material:unknown;pattern:unknown,A black backpack object.,val,team21_skybags_casual_black_polyester_printed
images/team21_backpack_59.jpeg,travel_backpack,color:black;material:unknown;pattern:unknown,A black backpack object.,val,team21_skybags_casual_black_polyester_printed
images/team21_backpack_60.jpeg,travel_backpack,color:black;material:unknown;pattern:unknown,A black backpack object.,val,team21_skybags_casual_black_polyester_printed
images/team21_calculator_1.jpeg,stationery_calculator,color:black;material:plastic;pattern:unknown,A black calculator object.,train,team21_Calculator_12_Black_Plastic_Plain
images/team21_calculator_2.jpeg,stationery_calculator,color:black;material:plastic;pattern:unknown,A black calculator object.,train,team21_Calculator_12_Black_Plastic_Plain
images/team21_calculator_3.jpeg,stationery_calculator,color:black;material:plastic;pattern:unknown,A black calculator object.,train,team21_Calculator_12_Black_Plastic_Plain
images/team21_calculator_4.jpeg,stationery_calculator,color:black;material:plastic;pattern:unknown,A black calculator object.,train,team21_Calculator_12_Black_Plastic_Plain
images/team21_calculator_5.jpeg,stationery_calculator,color:black;material:plastic;pattern:unknown,A black calculator object.,train,team21_Calculator_12_Black_Plastic_Plain
images/team21_calculator_6.jpeg,stationery_calculator,color:black;material:plastic;pattern:unknown,A black calculator object.,train,team21_Calculator_2_Black_Plastic_Plain
images/team21_calculator_7.jpeg,stationery_calculator,color:black;material:plastic;pattern:unknown,A black calculator object.,train,team21_Calculator_2_Black_Plastic_Plain
images/team21_calculator_8.jpeg,stationery_calculator,color:black;material:plastic;pattern:unknown,A black calculator object.,train,team21_Calculator_2_Black_Plastic_Plain
images/team21_calculator_9.jpeg,stationery_calculator,color:black;material:plastic;pattern:unknown,A black calculator object.,train,team21_Calculator_2_Black_Plastic_Plain
images/team21_calculator_10.jpeg,stationery_calculator,color:black;material:plastic;pattern:unknown,A black calculator object.,train,team21_Calculator_2_Black_Plastic_Plain
images/team21_calculator_11.jpeg,stationery_calculator,color:black;material:plastic;pattern:unknown,A black calculator object.,train,team21_Calculator_4_Black_Plastic_Plain
images/team21_calculator_12.jpeg,stationery_calculator,color:black;material:plastic;pattern:unknown,A black calculator object.,train,team21_Calculator_4_Black_Plastic_Plain
images/team21_calculator_13.jpeg,stationery_calculator,color:black;material:plastic;pattern:unknown,A black calculator object.,train,team21_Calculator_4_Black_Plastic_Plain
images/team21_calculator_14.jpeg,stationery_calculator,color:black;material:plastic;pattern:unknown,A black calculator object.,train,team21_Calculator_4_Black_Plastic_Plain
images/team21_calculator_15.jpeg,stationery_calculator,color:black;material:plastic;pattern:unknown,A black calculator object.,train,team21_Calculator_4_Black_Plastic_Plain
images/team21_calculator_16.jpeg,stationery_calculator,color:black;material:plastic;pattern:unknown,A black calculator object.,train,team21_Calculator_8_Black_Plastic_Plain
images/team21_calculator_17.jpeg,stationery_calculator,color:black;material:plastic;pattern:unknown,A black calculator object.,train,team21_Calculator_8_Black_Plastic_Plain
images/team21_calculator_18.jpeg,stationery_calculator,color:black;material:plastic;pattern:unknown,A black calculator object.,train,team21_Calculator_8_Black_Plastic_Plain
images/team21_calculator_19.jpeg,stationery_calculator,color:black;material:plastic;pattern:unknown,A black calculator object.,train,team21_Calculator_8_Black_Plastic_Plain
images/team21_calculator_20.jpeg,stationery_calculator,color:black;material:plastic;pattern:unknown,A black calculator object.,train,team21_Calculator_8_Black_Plastic_Plain
images/team21_calculator_21.jpeg,stationery_calculator,color:black;material:plastic;pattern:unknown,A black calculator object.,train,team21_Calculator_3_Black_Plastic_Plain
images/team21_calculator_22.jpeg,stationery_calculator,color:black;material:plastic;pattern:unknown,A black calculator object.,train,team21_Calculator_3_Black_Plastic_Plain
images/team21_calculator_23.jpeg,stationery_calculator,color:black;material:plastic;pattern:unknown,A black calculator object.,train,team21_Calculator_3_Black_Plastic_Plain
images/team21_calculator_24.jpeg,stationery_calculator,color:black;material:plastic;pattern:unknown,A black calculator object.,train,team21_Calculator_3_Black_Plastic_Plain
images/team21_calculator_25.jpeg,stationery_calculator,color:black;material:plastic;pattern:unknown,A black calculator object.,train,team21_Calculator_3_Black_Plastic_Plain
images/team21_calculator_26.jpeg,stationery_calculator,color:white;material:plastic;pattern:unknown,A white calculator object.,train,team21_Calculator_5_White_Plastic_Plain
images/team21_calculator_27.jpeg,stationery_calculator,color:white;material:plastic;pattern:unknown,A white calculator object.,train,team21_Calculator_5_White_Plastic_Plain
images/team21_calculator_28.jpeg,stationery_calculator,color:white;material:plastic;pattern:unknown,A white calculator object.,train,team21_Calculator_5_White_Plastic_Plain
images/team21_calculator_29.jpeg,stationery_calculator,color:white;material:plastic;pattern:unknown,A white calculator object.,train,team21_Calculator_5_White_Plastic_Plain
images/team21_calculator_30.jpeg,stationery_calculator,color:white;material:plastic;pattern:unknown,A white calculator object.,train,team21_Calculator_5_White_Plastic_Plain
images/team21_calculator_31.jpeg,stationery_calculator,color:black;material:plastic;pattern:unknown,A black calculator object.,train,team21_Calculator_7_Black_Plastic_Plain
images/team21_calculator_32.jpeg,stationery_calculator,color:black;material:plastic;pattern:unknown,A black calculator object.,train,team21_Calculator_7_Black_Plastic_Plain
images/team21_calculator_33.jpeg,stationery_calculator,color:black;material:plastic;pattern:unknown,A black calculator object.,train,team21_Calculator_7_Black_Plastic_Plain
images/team21_calculator_34.jpeg,stationery_calculator,color:black;material:plastic;pattern:unknown,A black calculator object.,train,team21_Calculator_7_Black_Plastic_Plain
images/team21_calculator_35.jpeg,stationery_calculator,color:black;material:plastic;pattern:unknown,A black calculator object.,train,team21_Calculator_7_Black_Plastic_Plain
images/team21_calculator_36.jpeg,stationery_calculator,color:white;material:plastic;pattern:unknown,A white calculator object.,train,team21_Calculator_11_White_Plastic_Plain
images/team21_calculator_37.jpeg,stationery_calculator,color:white;material:plastic;pattern:unknown,A white calculator object.,train,team21_Calculator_11_White_Plastic_Plain
images/team21_calculator_38.jpeg,stationery_calculator,color:white;material:plastic;pattern:unknown,A white calculator object.,train,team21_Calculator_11_White_Plastic_Plain
images/team21_calculator_39.jpeg,stationery_calculator,color:white;material:plastic;pattern:unknown,A white calculator object.,train,team21_Calculator_11_White_Plastic_Plain
images/team21_calculator_40.jpeg,stationery_calculator,color:white;material:plastic;pattern:unknown,A white calculator object.,train,team21_Calculator_11_White_Plastic_Plain
images/team21_calculator_41.jpeg,stationery_calculator,color:black;material:plastic;pattern:unknown,A black calculator object.,train,team21_Calculator_1_Black_Plastic_Plain
images/team21_calculator_42.jpeg,stationery_calculator,color:black;material:plastic;pattern:unknown,A black calculator object.,train,team21_Calculator_1_Black_Plastic_Plain
images/team21_calculator_43.jpeg,stationery_calculator,color:black;material:plastic;pattern:unknown,A black calculator object.,train,team21_Calculator_1_Black_Plastic_Plain
images/team21_calculator_44.jpeg,stationery_calculator,color:black;material:plastic;pattern:unknown,A black calculator object.,train,team21_Calculator_1_Black_Plastic_Plain
images/team21_calculator_45.jpeg,stationery_calculator,color:black;material:plastic;pattern:unknown,A black calculator object.,train,team21_Calculator_1_Black_Plastic_Plain
images/team21_calculator_46.jpeg,stationery_calculator,color:black;material:plastic;pattern:unknown,A black calculator object.,val,team21_Calculator_9_Black_Plastic_Plain
images/team21_calculator_47.jpeg,stationery_calculator,color:black;material:plastic;pattern:unknown,A black calculator object.,val,team21_Calculator_9_Black_Plastic_Plain
images/team21_calculator_48.jpeg,stationery_calculator,color:black;material:plastic;pattern:unknown,A black calculator object.,val,team21_Calculator_9_Black_Plastic_Plain
images/team21_calculator_49.jpeg,stationery_calculator,color:black;material:plastic;pattern:unknown,A black calculator object.,val,team21_Calculator_9_Black_Plastic_Plain
images/team21_calculator_50.jpeg,stationery_calculator,color:black;material:plastic;pattern:unknown,A black calculator object.,val,team21_Calculator_9_Black_Plastic_Plain
images/team21_calculator_51.jpeg,stationery_calculator,color:white;material:plastic;pattern:unknown,A white calculator object.,val,team21_Calculator_10_White_Plastic_Plain
images/team21_calculator_52.jpeg,stationery_calculator,color:white;material:plastic;pattern:unknown,A white calculator object.,val,team21_Calculator_10_White_Plastic_Plain
images/team21_calculator_53.jpeg,stationery_calculator,color:white;material:plastic;pattern:unknown,A white calculator object.,val,team21_Calculator_10_White_Plastic_Plain
images/team21_calculator_54.jpeg,stationery_calculator,color:white;material:plastic;pattern:unknown,A white calculator object.,val,team21_Calculator_10_White_Plastic_Plain
images/team21_calculator_55.jpeg,stationery_calculator,color:white;material:plastic;pattern:unknown,A white calculator object.,val,team21_Calculator_10_White_Plastic_Plain
images/team21_calculator_56.jpeg,stationery_calculator,color:white;material:plastic;pattern:unknown,A white calculator object.,val,team21_Calculator_6_White_Plastic_Plain
images/team21_calculator_57.jpeg,stationery_calculator,color:white;material:plastic;pattern:unknown,A white calculator object.,val,team21_Calculator_6_White_Plastic_Plain
images/team21_calculator_58.jpeg,stationery_calculator,color:white;material:plastic;pattern:unknown,A white calculator object.,val,team21_Calculator_6_White_Plastic_Plain
images/team21_calculator_59.jpeg,stationery_calculator,color:white;material:plastic;pattern:unknown,A white calculator object.,val,team21_Calculator_6_White_Plastic_Plain
images/team21_calculator_60.jpeg,stationery_calculator,color:white;material:plastic;pattern:unknown,A white calculator object.,val,team21_Calculator_6_White_Plastic_Plain
images/team21_mugs_1.jpeg,tableware_mug,color:unknown;material:unknown;pattern:unknown,A unknown mugs object.,train,team21_mug_12_gray_silicone_plain
images/team21_mugs_2.jpeg,tableware_mug,color:unknown;material:unknown;pattern:unknown,A unknown mugs object.,train,team21_mug_12_gray_silicone_plain
images/team21_mugs_3.jpeg,tableware_mug,color:unknown;material:unknown;pattern:unknown,A unknown mugs object.,train,team21_mug_12_gray_silicone_plain
images/team21_mugs_4.jpeg,tableware_mug,color:unknown;material:unknown;pattern:unknown,A unknown mugs object.,train,team21_mug_12_gray_silicone_plain
images/team21_mugs_5.jpeg,tableware_mug,color:unknown;material:unknown;pattern:unknown,A unknown mugs object.,train,team21_mug_12_gray_silicone_plain
images/team21_mugs_6.jpeg,tableware_mug,color:white;material:unknown;pattern:striped,A white mugs object.,train,team21_mug_1_white_ceramic_striped
images/team21_mugs_7.jpeg,tableware_mug,color:white;material:unknown;pattern:striped,A white mugs object.,train,team21_mug_1_white_ceramic_striped
images/team21_mugs_8.jpeg,tableware_mug,color:white;material:unknown;pattern:striped,A white mugs object.,train,team21_mug_1_white_ceramic_striped
images/team21_mugs_9.jpeg,tableware_mug,color:white;material:unknown;pattern:striped,A white mugs object.,train,team21_mug_1_white_ceramic_striped
images/team21_mugs_10.jpeg,tableware_mug,color:white;material:unknown;pattern:striped,A white mugs object.,train,team21_mug_1_white_ceramic_striped
images/team21_mugs_11.jpeg,tableware_mug,color:black;material:unknown;pattern:textured,A black mugs object.,train,team21_mug_11_black_ceramic_textured
images/team21_mugs_12.jpeg,tableware_mug,color:black;material:unknown;pattern:textured,A black mugs object.,train,team21_mug_11_black_ceramic_textured
images/team21_mugs_13.jpeg,tableware_mug,color:black;material:unknown;pattern:textured,A black mugs object.,train,team21_mug_11_black_ceramic_textured
images/team21_mugs_14.jpeg,tableware_mug,color:black;material:unknown;pattern:textured,A black mugs object.,train,team21_mug_11_black_ceramic_textured
images/team21_mugs_15.jpeg,tableware_mug,color:black;material:unknown;pattern:textured,A black mugs object.,train,team21_mug_11_black_ceramic_textured
images/team21_mugs_16.jpeg,tableware_mug,color:transparent;material:glass;pattern:unknown,A transparent mugs object.,train,team21_mug_2_transparent_glass_plain
images/team21_mugs_17.jpeg,tableware_mug,color:transparent;material:glass;pattern:unknown,A transparent mugs object.,train,team21_mug_2_transparent_glass_plain
images/team21_mugs_18.jpeg,tableware_mug,color:transparent;material:glass;pattern:unknown,A transparent mugs object.,train,team21_mug_2_transparent_glass_plain
images/team21_mugs_19.jpeg,tableware_mug,color:transparent;material:glass;pattern:unknown,A transparent mugs object.,train,team21_mug_2_transparent_glass_plain
images/team21_mugs_20.jpeg,tableware_mug,color:transparent;material:glass;pattern:unknown,A transparent mugs object.,train,team21_mug_2_transparent_glass_plain
images/team21_mugs_21.jpeg,tableware_mug,color:blue;material:plastic;pattern:unknown,A blue mugs object.,train,team21_mug_5_blue_plastic_plain
images/team21_mugs_22.jpeg,tableware_mug,color:blue;material:plastic;pattern:unknown,A blue mugs object.,train,team21_mug_5_blue_plastic_plain
images/team21_mugs_23.jpeg,tableware_mug,color:blue;material:plastic;pattern:unknown,A blue mugs object.,train,team21_mug_5_blue_plastic_plain
images/team21_mugs_24.jpeg,tableware_mug,color:blue;material:plastic;pattern:unknown,A blue mugs object.,train,team21_mug_5_blue_plastic_plain
images/team21_mugs_25.jpeg,tableware_mug,color:blue;material:plastic;pattern:unknown,A blue mugs object.,train,team21_mug_5_blue_plastic_plain
images/team21_mugs_26.jpeg,tableware_mug,color:brown;material:plastic;pattern:textured,A brown mugs object.,train,team21_mug_10_brown_plastic_textured
images/team21_mugs_27.jpeg,tableware_mug,color:brown;material:plastic;pattern:textured,A brown mugs object.,train,team21_mug_10_brown_plastic_textured
images/team21_mugs_28.jpeg,tableware_mug,color:brown;material:plastic;pattern:textured,A brown mugs object.,train,team21_mug_10_brown_plastic_textured
images/team21_mugs_29.jpeg,tableware_mug,color:brown;material:plastic;pattern:textured,A brown mugs object.,train,team21_mug_10_brown_plastic_textured
images/team21_mugs_30.jpeg,tableware_mug,color:brown;material:plastic;pattern:textured,A brown mugs object.,train,team21_mug_10_brown_plastic_textured
images/team21_mugs_31.jpeg,tableware_mug,color:white;material:unknown;pattern:unknown,A white mugs object.,train,team21_mug_8_white_ceramic_plain
images/team21_mugs_32.jpeg,tableware_mug,color:white;material:unknown;pattern:unknown,A white mugs object.,train,team21_mug_8_white_ceramic_plain
images/team21_mugs_33.jpeg,tableware_mug,color:white;material:unknown;pattern:unknown,A white mugs object.,train,team21_mug_8_white_ceramic_plain
images/team21_mugs_34.jpeg,tableware_mug,color:white;material:unknown;pattern:unknown,A white mugs object.,train,team21_mug_8_white_ceramic_plain
images/team21_mugs_35.jpeg,tableware_mug,color:white;material:unknown;pattern:unknown,A white mugs object.,train,team21_mug_8_white_ceramic_plain
images/team21_mugs_36.jpeg,tableware_mug,color:unknown;material:metal;pattern:textured,A unknown mugs object.,train,team21_mug_7_copper_metal_textured
images/team21_mugs_37.jpeg,tableware_mug,color:unknown;material:metal;pattern:textured,A unknown mugs object.,train,team21_mug_7_copper_metal_textured
images/team21_mugs_38.jpeg,tableware_mug,color:unknown;material:metal;pattern:textured,A unknown mugs object.,train,team21_mug_7_copper_metal_textured
images/team21_mugs_39.jpeg,tableware_mug,color:unknown;material:metal;pattern:textured,A unknown mugs object.,train,team21_mug_7_copper_metal_textured
images/team21_mugs_40.jpeg,tableware_mug,color:unknown;material:metal;pattern:textured,A unknown mugs object.,train,team21_mug_7_copper_metal_textured
images/team21_mugs_41.jpeg,tableware_mug,color:transparent;material:glass;pattern:textured,A transparent mugs object.,train,team21_mug_9_transparent_glass_textured
images/team21_mugs_42.jpeg,tableware_mug,color:transparent;material:glass;pattern:textured,A transparent mugs object.,train,team21_mug_9_transparent_glass_textured
images/team21_mugs_43.jpeg,tableware_mug,color:transparent;material:glass;pattern:textured,A transparent mugs object.,train,team21_mug_9_transparent_glass_textured
images/team21_mugs_44.jpeg,tableware_mug,color:transparent;material:glass;pattern:textured,A transparent mugs object.,train,team21_mug_9_transparent_glass_textured
images/team21_mugs_45.jpeg,tableware_mug,color:transparent;material:glass;pattern:textured,A transparent mugs object.,train,team21_mug_9_transparent_glass_textured
images/team21_mugs_46.jpeg,tableware_mug,color:white;material:unknown;pattern:textured,A white mugs object.,val,team21_mug_4_white_enamel_textured
images/team21_mugs_47.jpeg,tableware_mug,color:white;material:unknown;pattern:textured,A white mugs object.,val,team21_mug_4_white_enamel_textured
images/team21_mugs_48.jpeg,tableware_mug,color:white;material:unknown;pattern:textured,A white mugs object.,val,team21_mug_4_white_enamel_textured
images/team21_mugs_49.jpeg,tableware_mug,color:white;material:unknown;pattern:textured,A white mugs object.,val,team21_mug_4_white_enamel_textured
images/team21_mugs_50.jpeg,tableware_mug,color:white;material:unknown;pattern:textured,A white mugs object.,val,team21_mug_4_white_enamel_textured
images/team21_mugs_51.jpeg,tableware_mug,color:transparent;material:glass;pattern:unknown,A transparent mugs object.,val,team21_mug_6_transparent_glass_latte
images/team21_mugs_52.jpeg,tableware_mug,color:transparent;material:glass;pattern:unknown,A transparent mugs object.,val,team21_mug_6_transparent_glass_latte
images/team21_mugs_53.jpeg,tableware_mug,color:transparent;material:glass;pattern:unknown,A transparent mugs object.,val,team21_mug_6_transparent_glass_latte
images/team21_mugs_54.jpeg,tableware_mug,color:transparent;material:glass;pattern:unknown,A transparent mugs object.,val,team21_mug_6_transparent_glass_latte
images/team21_mugs_55.jpeg,tableware_mug,color:transparent;material:glass;pattern:unknown,A transparent mugs object.,val,team21_mug_6_transparent_glass_latte
images/team21_mugs_56.jpeg,tableware_mug,color:grey;material:metal;pattern:unknown,A grey mugs object.,val,team21_mug_3_silver_metal_plain
images/team21_mugs_57.jpeg,tableware_mug,color:grey;material:metal;pattern:unknown,A grey mugs object.,val,team21_mug_3_silver_metal_plain
images/team21_mugs_58.jpeg,tableware_mug,color:grey;material:metal;pattern:unknown,A grey mugs object.,val,team21_mug_3_silver_metal_plain
images/team21_mugs_59.jpeg,tableware_mug,color:grey;material:metal;pattern:unknown,A grey mugs object.,val,team21_mug_3_silver_metal_plain
images/team21_mugs_60.jpeg,tableware_mug,color:grey;material:metal;pattern:unknown,A grey mugs object.,val,team21_mug_3_silver_metal_plain
images/team21_sneakers_1.jpeg,footwear_sneakers,color:green;material:unknown;pattern:unknown,A green sneakers object.,train,team21_sneaker_10_green_synthetic_plain
images/team21_sneakers_2.jpeg,footwear_sneakers,color:green;material:unknown;pattern:unknown,A green sneakers object.,train,team21_sneaker_10_green_synthetic_plain
images/team21_sneakers_3.jpeg,footwear_sneakers,color:green;material:unknown;pattern:unknown,A green sneakers object.,train,team21_sneaker_10_green_synthetic_plain
images/team21_sneakers_4.jpeg,footwear_sneakers,color:green;material:unknown;pattern:unknown,A green sneakers object.,train,team21_sneaker_10_green_synthetic_plain
images/team21_sneakers_5.jpeg,footwear_sneakers,color:green;material:unknown;pattern:unknown,A green sneakers object.,train,team21_sneaker_10_green_synthetic_plain
images/team21_sneakers_6.jpeg,footwear_sneakers,color:unknown;material:leather;pattern:unknown,A unknown sneakers object.,train,team21_sneaker_8_yellow_leather_plain
images/team21_sneakers_7.jpeg,footwear_sneakers,color:unknown;material:leather;pattern:unknown,A unknown sneakers object.,train,team21_sneaker_8_yellow_leather_plain
images/team21_sneakers_8.jpeg,footwear_sneakers,color:unknown;material:leather;pattern:unknown,A unknown sneakers object.,train,team21_sneaker_8_yellow_leather_plain
images/team21_sneakers_9.jpeg,footwear_sneakers,color:unknown;material:leather;pattern:unknown,A unknown sneakers object.,train,team21_sneaker_8_yellow_leather_plain
images/team21_sneakers_10.jpeg,footwear_sneakers,color:unknown;material:leather;pattern:unknown,A unknown sneakers object.,train,team21_sneaker_8_yellow_leather_plain
images/team21_sneakers_11.jpeg,footwear_sneakers,color:white;material:unknown;pattern:textured,A white sneakers object.,train,team21_sneaker_6_white_synthetic_textured
images/team21_sneakers_12.jpeg,footwear_sneakers,color:white;material:unknown;pattern:textured,A white sneakers object.,train,team21_sneaker_6_white_synthetic_textured
images/team21_sneakers_13.jpeg,footwear_sneakers,color:white;material:unknown;pattern:textured,A white sneakers object.,train,team21_sneaker_6_white_synthetic_textured
images/team21_sneakers_14.jpeg,footwear_sneakers,color:white;material:unknown;pattern:textured,A white sneakers object.,train,team21_sneaker_6_white_synthetic_textured
images/team21_sneakers_15.jpeg,footwear_sneakers,color:white;material:unknown;pattern:textured,A white sneakers object.,train,team21_sneaker_6_white_synthetic_textured
images/team21_sneakers_16.jpeg,footwear_sneakers,color:green;material:unknown;pattern:textured,A green sneakers object.,train,team21_sneaker_12_green_synthetic_textured
images/team21_sneakers_17.jpeg,footwear_sneakers,color:green;material:unknown;pattern:textured,A green sneakers object.,train,team21_sneaker_12_green_synthetic_textured
images/team21_sneakers_18.jpeg,footwear_sneakers,color:green;material:unknown;pattern:textured,A green sneakers object.,train,team21_sneaker_12_green_synthetic_textured
images/team21_sneakers_19.jpeg,footwear_sneakers,color:green;material:unknown;pattern:textured,A green sneakers object.,train,team21_sneaker_12_green_synthetic_textured
images/team21_sneakers_20.jpeg,footwear_sneakers,color:green;material:unknown;pattern:textured,A green sneakers object.,train,team21_sneaker_12_green_synthetic_textured
images/team21_sneakers_21.jpeg,footwear_sneakers,color:blue;material:unknown;pattern:textured,A blue sneakers object.,train,team21_sneaker_3_blue_mesh_textured
images/team21_sneakers_22.jpeg,footwear_sneakers,color:blue;material:unknown;pattern:textured,A blue sneakers object.,train,team21_sneaker_3_blue_mesh_textured
images/team21_sneakers_23.jpeg,footwear_sneakers,color:blue;material:unknown;pattern:textured,A blue sneakers object.,train,team21_sneaker_3_blue_mesh_textured
images/team21_sneakers_24.jpeg,footwear_sneakers,color:blue;material:unknown;pattern:textured,A blue sneakers object.,train,team21_sneaker_3_blue_mesh_textured
images/team21_sneakers_25.jpeg,footwear_sneakers,color:blue;material:unknown;pattern:textured,A blue sneakers object.,train,team21_sneaker_3_blue_mesh_textured
images/team21_sneakers_26.jpeg,footwear_sneakers,color:black;material:unknown;pattern:unknown,A black sneakers object.,train,team21_sneaker_9_black_canvas_plain
images/team21_sneakers_27.jpeg,footwear_sneakers,color:black;material:unknown;pattern:unknown,A black sneakers object.,train,team21_sneaker_9_black_canvas_plain
images/team21_sneakers_28.jpeg,footwear_sneakers,color:black;material:unknown;pattern:unknown,A black sneakers object.,train,team21_sneaker_9_black_canvas_plain
images/team21_sneakers_29.jpeg,footwear_sneakers,color:black;material:unknown;pattern:unknown,A black sneakers object.,train,team21_sneaker_9_black_canvas_plain
images/team21_sneakers_30.jpeg,footwear_sneakers,color:black;material:unknown;pattern:unknown,A black sneakers object.,train,team21_sneaker_9_black_canvas_plain
images/team21_sneakers_31.jpeg,footwear_sneakers,color:white;material:unknown;pattern:unknown,A white sneakers object.,train,team21_sneaker_1_white_canvas_plain
images/team21_sneakers_32.jpeg,footwear_sneakers,color:white;material:unknown;pattern:unknown,A white sneakers object.,train,team21_sneaker_1_white_canvas_plain
images/team21_sneakers_33.jpeg,footwear_sneakers,color:white;material:unknown;pattern:unknown,A white sneakers object.,train,team21_sneaker_1_white_canvas_plain
images/team21_sneakers_34.jpeg,footwear_sneakers,color:white;material:unknown;pattern:unknown,A white sneakers object.,train,team21_sneaker_1_white_canvas_plain
images/team21_sneakers_35.jpeg,footwear_sneakers,color:white;material:unknown;pattern:unknown,A white sneakers object.,train,team21_sneaker_1_white_canvas_plain
images/team21_sneakers_36.jpeg,footwear_sneakers,color:brown;material:leather;pattern:unknown,A brown sneakers object.,train,team21_sneaker_11_brown_leather_plain
images/team21_sneakers_37.jpeg,footwear_sneakers,color:brown;material:leather;pattern:unknown,A brown sneakers object.,train,team21_sneaker_11_brown_leather_plain
images/team21_sneakers_38.jpeg,footwear_sneakers,color:brown;material:leather;pattern:unknown,A brown sneakers object.,train,team21_sneaker_11_brown_leather_plain
images/team21_sneakers_39.jpeg,footwear_sneakers,color:brown;material:leather;pattern:unknown,A brown sneakers object.,train,team21_sneaker_11_brown_leather_plain
images/team21_sneakers_40.jpeg,footwear_sneakers,color:brown;material:leather;pattern:unknown,A brown sneakers object.,train,team21_sneaker_11_brown_leather_plain
images/team21_sneakers_41.jpeg,footwear_sneakers,color:brown;material:leather;pattern:textured,A brown sneakers object.,train,team21_sneaker_7_brown_leather_textured
images/team21_sneakers_42.jpeg,footwear_sneakers,color:brown;material:leather;pattern:textured,A brown sneakers object.,train,team21_sneaker_7_brown_leather_textured
images/team21_sneakers_43.jpeg,footwear_sneakers,color:brown;material:leather;pattern:textured,A brown sneakers object.,train,team21_sneaker_7_brown_leather_textured
images/team21_sneakers_44.jpeg,footwear_sneakers,color:brown;material:leather;pattern:textured,A brown sneakers object.,train,team21_sneaker_7_brown_leather_textured
images/team21_sneakers_45.jpeg,footwear_sneakers,color:brown;material:leather;pattern:textured,A brown sneakers object.,train,team21_sneaker_7_brown_leather_textured
images/team21_sneakers_46.jpeg,footwear_sneakers,color:red;material:unknown;pattern:textured,A red sneakers object.,val,team21_sneaker_4_red_synthetic_textured
images/team21_sneakers_47.jpeg,footwear_sneakers,color:red;material:unknown;pattern:textured,A red sneakers object.,val,team21_sneaker_4_red_synthetic_textured
images/team21_sneakers_48.jpeg,footwear_sneakers,color:red;material:unknown;pattern:textured,A red sneakers object.,val,team21_sneaker_4_red_synthetic_textured
images/team21_sneakers_49.jpeg,footwear_sneakers,color:red;material:unknown;pattern:textured,A red sneakers object.,val,team21_sneaker_4_red_synthetic_textured
images/team21_sneakers_50.jpeg,footwear_sneakers,color:red;material:unknown;pattern:textured,A red sneakers object.,val,team21_sneaker_4_red_synthetic_textured
images/team21_sneakers_51.jpeg,footwear_sneakers,color:black;material:unknown;pattern:unknown,A black sneakers object.,val,team21_sneaker_2_black_synthetic_plain
images/team21_sneakers_52.jpeg,footwear_sneakers,color:black;material:unknown;pattern:unknown,A black sneakers object.,val,team21_sneaker_2_black_synthetic_plain
images/team21_sneakers_53.jpeg,footwear_sneakers,color:black;material:unknown;pattern:unknown,A black sneakers object.,val,team21_sneaker_2_black_synthetic_plain
images/team21_sneakers_54.jpeg,footwear_sneakers,color:black;material:unknown;pattern:unknown,A black sneakers object.,val,team21_sneaker_2_black_synthetic_plain
images/team21_sneakers_55.jpeg,footwear_sneakers,color:black;material:unknown;pattern:unknown,A black sneakers object.,val,team21_sneaker_2_black_synthetic_plain
images/team21_sneakers_56.jpeg,footwear_sneakers,color:grey;material:unknown;pattern:textured,A grey sneakers object.,val,team21_sneaker_5_grey_mesh_textured
images/team21_sneakers_57.jpeg,footwear_sneakers,color:grey;material:unknown;pattern:textured,A grey sneakers object.,val,team21_sneaker_5_grey_mesh_textured
images/team21_sneakers_58.jpeg,footwear_sneakers,color:grey;material:unknown;pattern:textured,A grey sneakers object.,val,team21_sneaker_5_grey_mesh_textured
images/team21_sneakers_59.jpeg,footwear_sneakers,color:grey;material:unknown;pattern:textured,A grey sneakers object.,val,team21_sneaker_5_grey_mesh_textured
images/team21_sneakers_60.jpeg,footwear_sneakers,color:grey;material:unknown;pattern:textured,A grey sneakers object.,val,team21_sneaker_5_grey_mesh_textured
